temperature,steps,posture,heart_rate,spo2,breathing_rate,timestamp,heart_rate_gen,heart_rate_source,spo2_gen,spo2_source,breathing_rate_gen,breathing_rate_source,gsr,gsr_gen,gsr_source,temperature_gen,temperature_source,dehydration_index,dehydration_index_gen,dehydration_index_source,posture_gen,posture_source,fall_detected,fall_detected_gen,fall_detected_source,steps_gen,steps_source
37.111111111111114,0,Resting,60.0,94.0,23.17,0,False,GP4,False,GP4,False,GP3,4.421802622671122,True,SIM,False,GP6,1.2437491621528651,True,SIM,False,GP4,False,True,SIM,False,GP2
37.64491204631485,0,Resting,60.12625250501002,94.0,23.17,1,False,GP4,False,GP4,False,GP3,4.523543795327853,True,SIM,False,GP6,1.2399524661452008,True,SIM,False,GP4,False,True,SIM,False,GP2
36.91619906479626,0,Resting,60.25250501002004,94.0,23.17,2,False,GP4,False,GP4,False,GP3,4.416054304337869,True,SIM,False,GP6,1.2856397931828227,True,SIM,False,GP4,False,True,SIM,False,GP2
37.356958361166775,0,Resting,60.37875751503006,94.0,19.36,3,False,GP4,False,GP4,False,GP3,4.68151357387552,True,SIM,False,GP6,1.2046895870361376,True,SIM,False,GP4,False,True,SIM,False,GP2
36.82315742596303,0,Resting,60.50501002004008,94.0,19.36,4,False,GP4,False,GP4,False,GP3,4.4889766028561455,True,SIM,False,GP6,1.2337050437947192,True,SIM,False,GP4,False,True,SIM,False,GP2
37.449999999999996,0,Resting,60.6312625250501,94.0,19.36,5,False,GP4,False,GP4,False,GP3,4.380089178543489,True,SIM,False,GP6,1.07377380669313,True,SIM,False,GP4,False,True,SIM,False,GP2
36.95830549988866,0,Resting,60.75751503006012,94.0,19.36,6,False,GP4,False,GP4,False,GP3,4.463840949864813,True,SIM,False,GP6,1.164939551773202,True,SIM,False,GP4,False,True,SIM,False,GP2
37.449999999999996,0,Resting,60.88376753507014,94.0,19.36,7,False,GP4,False,GP4,False,GP3,4.569107236719547,True,SIM,False,GP6,1.1628793560925998,True,SIM,False,GP4,False,True,SIM,False,GP2
37.246259185036735,0,Resting,61.010020040080164,94.0,19.36,8,False,GP4,False,GP4,False,GP3,4.676073859164699,True,SIM,False,GP6,1.1665515852615524,True,SIM,False,GP4,False,True,SIM,False,GP2
36.83198619461144,0,Resting,61.13627254509018,94.0,19.36,9,False,GP4,False,GP4,False,GP3,4.614874706175344,True,SIM,False,GP6,1.2497860744308436,True,SIM,False,GP4,False,True,SIM,False,GP2
37.40789356490759,0,Resting,61.2625250501002,94.0,19.36,10,False,GP4,False,GP4,False,GP3,4.4713979131933215,True,SIM,False,GP6,1.2118708136289833,True,SIM,False,GP4,False,True,SIM,False,GP2
37.449999999999996,0,Resting,61.388777555110224,94.0,19.36,11,False,GP4,False,GP4,False,GP3,4.7591335259263206,True,SIM,False,GP6,1.157047979006914,True,SIM,False,GP4,False,True,SIM,False,GP2
37.263916722333555,0,Resting,61.51503006012024,94.0,19.36,12,False,GP4,False,GP4,False,GP3,4.429147400270921,True,SIM,False,GP6,1.1948773314485162,True,SIM,False,GP4,False,True,SIM,False,GP2
37.36918281006457,0,Resting,61.64128256513026,94.0,23.83,13,False,GP4,False,GP4,False,GP3,4.575735115762058,True,SIM,False,GP6,1.2258673333706365,True,SIM,False,GP4,False,True,SIM,False,GP2
37.449999999999996,1,Resting,61.76753507014028,94.0,23.83,14,False,GP4,False,GP4,False,GP3,4.331942376582195,True,SIM,False,GP6,1.224158608199051,True,SIM,False,GP4,False,True,SIM,False,GP2
37.449999999999996,1,Resting,61.8937875751503,94.0,23.83,15,False,GP4,False,GP4,False,GP3,4.424598556733585,True,SIM,False,GP6,1.2236444892949914,True,SIM,False,GP4,False,True,SIM,False,GP2
37.38140725896237,1,Resting,62.02004008016032,94.0,22.976412825651288,16,False,GP4,False,GP4,False,GP3,4.62333963177617,True,SIM,False,GP6,1.1802352030998797,True,SIM,False,GP4,False,True,SIM,False,GP2
37.374615898463595,1,Resting,62.14629258517034,94.0,19.25,17,False,GP4,False,GP4,False,GP3,4.594115768007557,True,SIM,False,GP6,1.178573383903223,True,SIM,False,GP4,False,True,SIM,False,GP2
37.170875083500334,1,Resting,62.27254509018036,94.0,19.25,18,False,GP4,False,GP4,False,GP3,4.597071948292083,True,SIM,False,GP6,1.1085931899922532,True,SIM,False,GP4,False,True,SIM,False,GP2
37.77666443999109,1,Resting,62.39879759519038,94.0,19.25,19,False,GP4,False,GP4,False,GP3,4.465885961650173,True,SIM,False,GP6,1.2260743435962,True,SIM,False,GP4,False,True,SIM,False,GP2
37.8731017590737,1,Resting,62.5250501002004,94.0,19.25,20,False,GP4,False,GP4,False,GP3,4.562157170590978,True,SIM,False,GP6,1.2327343161009126,True,SIM,False,GP4,False,True,SIM,False,GP2
37.111111111111114,1,Resting,62.65130260521042,94.0,19.25,21,False,GP4,False,GP4,False,GP3,4.452927391561623,True,SIM,False,GP6,1.2590904349280025,True,SIM,False,GP4,False,True,SIM,False,GP2
37.449999999999996,1,Resting,62.77755511022044,94.0,19.25,22,False,GP4,False,GP4,False,GP3,4.578979074618704,True,SIM,False,GP6,1.192662855828911,True,SIM,False,GP4,False,True,SIM,False,GP2
37.14982186595413,1,Resting,62.90380761523046,94.0,19.19,23,False,GP4,False,GP4,False,GP3,4.5168141690902885,True,SIM,False,GP6,1.1649490257544932,True,SIM,False,GP4,False,True,SIM,False,GP2
37.449999999999996,1,Resting,63.03006012024048,94.0,19.19,24,False,GP4,False,GP4,False,GP3,4.43036273963867,True,SIM,False,GP6,1.169112165158813,True,SIM,False,GP4,False,True,SIM,False,GP2
36.64769539078157,1,Resting,63.1563126252505,94.0,19.19,25,False,GP4,False,GP4,False,GP3,4.476905021852075,True,SIM,False,GP6,1.1970395509524965,True,SIM,False,GP4,False,True,SIM,False,GP2
37.62725450901803,1,Resting,63.28256513026052,94.0,19.19,26,False,GP4,False,GP4,False,GP3,4.468618800215398,True,SIM,False,GP6,1.259809713092348,True,SIM,False,GP4,False,True,SIM,False,GP2
37.69924293030505,1,Resting,63.408817635270545,94.0,19.19,27,False,GP4,False,GP4,False,GP3,4.530720522186386,True,SIM,False,GP6,1.1995685072457678,True,SIM,False,GP4,False,True,SIM,False,GP2
37.12876864840793,1,Resting,63.53507014028056,94.0,19.19,28,False,GP4,False,GP4,False,GP3,4.426644063190456,True,SIM,False,GP6,1.1640985057350142,True,SIM,False,GP4,False,True,SIM,False,GP2
37.449999999999996,1,Resting,63.66132264529058,94.0,19.19,29,False,GP4,False,GP4,False,GP3,4.656903097241947,True,SIM,False,GP6,1.233219812505749,True,SIM,False,GP4,False,True,SIM,False,GP2
37.53625027833444,1,Resting,63.787575150300604,94.0,19.19,30,False,GP4,False,GP4,False,GP3,4.567041190125831,True,SIM,False,GP6,1.2707221511032138,True,SIM,False,GP4,False,True,SIM,False,GP2
37.590581162324646,1,Resting,63.91382765531062,94.0,19.19,31,False,GP4,False,GP4,False,GP3,4.377197759250534,True,SIM,False,GP6,1.1387122379900607,True,SIM,False,GP4,False,True,SIM,False,GP2
37.111111111111114,1,Resting,64.04008016032064,94.0,19.19,32,False,GP4,False,GP4,False,GP3,4.374404186309956,True,SIM,False,GP6,1.23566314544455,True,SIM,False,GP4,False,True,SIM,False,GP2
37.446604319750605,2,Resting,64.16633266533066,94.0,18.43,33,False,GP4,False,GP4,False,GP3,4.599809453607106,True,SIM,False,GP6,1.2608692433294453,True,SIM,False,GP4,False,True,SIM,False,GP2
37.111111111111114,2,Resting,64.29258517034069,94.0,19.86,34,False,GP4,False,GP4,False,GP3,4.518902036000685,True,SIM,False,GP6,1.205956831391317,True,SIM,False,GP4,False,True,SIM,False,GP2
36.96373858828769,2,Resting,64.4188376753507,94.0,19.86,35,False,GP4,False,GP4,False,GP3,4.498475407834492,True,SIM,False,GP6,1.1517523945089283,True,SIM,False,GP4,False,True,SIM,False,GP2
37.230639055889554,2,Resting,64.54509018036072,94.0,19.86,36,False,GP4,False,GP4,False,GP3,4.405532164943584,True,SIM,False,GP6,1.0917554922249497,True,SIM,False,GP4,False,True,SIM,False,GP2
36.77222222222222,2,Resting,64.67134268537075,94.0,19.86,37,False,GP4,False,GP4,False,GP3,4.3076550858810085,True,SIM,False,GP6,1.2028882590550078,True,SIM,False,GP4,False,True,SIM,False,GP2
36.77222222222222,2,Resting,64.79759519038076,94.0,19.86,38,False,GP4,False,GP4,False,GP3,4.51778048829348,True,SIM,False,GP6,1.1369041079548659,True,SIM,False,GP4,False,True,SIM,False,GP2
36.58092852371409,2,Resting,64.92384769539078,94.0,19.86,39,False,GP4,False,GP4,False,GP3,4.453174634993827,True,SIM,False,GP6,1.2079089052318057,True,SIM,False,GP4,False,True,SIM,False,GP2
36.94268537074148,2,Resting,65.0501002004008,94.0,19.86,40,False,GP4,False,GP4,False,GP3,4.3932190291267075,True,SIM,False,GP6,1.2083714765971365,True,SIM,False,GP4,False,True,SIM,False,GP2
37.20958583834336,2,Resting,65.17635270541082,94.0,19.86,41,False,GP4,False,GP4,False,GP3,4.396606248521788,True,SIM,False,GP6,1.161724496106342,True,SIM,False,GP4,False,True,SIM,False,GP2
36.23199732798932,3,Resting,65.30260521042084,94.0,19.86,42,False,GP4,False,GP4,False,GP3,4.708097065900794,True,SIM,False,GP6,1.2478454037154478,True,SIM,False,GP4,False,True,SIM,False,GP2
37.06560899576932,3,Resting,65.42885771543087,94.0,19.86,43,False,GP4,False,GP4,False,GP3,4.426320956609144,True,SIM,False,GP6,1.2277877158149682,True,SIM,False,GP4,False,True,SIM,False,GP2
36.77222222222222,3,Resting,65.55511022044088,94.0,19.86,44,False,GP4,False,GP4,False,GP3,4.7065879071255186,True,SIM,False,GP6,1.2475568071726573,True,SIM,False,GP4,False,True,SIM,False,GP2
36.62526163437987,3,Resting,65.6813627254509,94.0,19.86,45,False,GP4,False,GP4,False,GP3,4.775068800108916,True,SIM,False,GP6,1.2165412888131704,True,SIM,False,GP4,False,True,SIM,False,GP2
37.111111111111114,3,Resting,65.80761523046093,94.0,19.86,46,False,GP4,False,GP4,False,GP3,4.485181435211131,True,SIM,False,GP6,1.2557600093815633,True,SIM,False,GP4,False,True,SIM,False,GP2
36.449665998664,3,Resting,65.93386773547094,94.0,19.86,47,False,GP4,False,GP4,False,GP3,4.568110973098847,True,SIM,False,GP6,1.1802387774412328,True,SIM,False,GP4,False,True,SIM,False,GP2
36.570908483633936,3,Resting,66.06012024048096,94.0,19.86,48,False,GP4,False,GP4,False,GP3,4.439658082630367,True,SIM,False,GP6,1.211358167055463,True,SIM,False,GP4,False,True,SIM,False,GP2
36.31301491872634,3,Resting,66.18637274549098,94.0,19.86,49,False,GP4,False,GP4,False,GP3,4.717873882827198,True,SIM,False,GP6,1.1445474657563208,True,SIM,False,GP4,False,True,SIM,False,GP2
36.4388888888889,3,Resting,66.312625250501,94.0,19.86,50,False,GP4,False,GP4,False,GP3,4.347508196870145,True,SIM,False,GP6,1.1651510053549423,True,SIM,False,GP4,False,True,SIM,False,GP2
36.268180806056556,3,Resting,66.43887775551102,94.0,19.86,51,False,GP4,False,GP4,False,GP3,4.5567759543432285,True,SIM,False,GP6,1.2825466547936757,True,SIM,False,GP4,False,True,SIM,False,GP2
36.72561790247161,3,Resting,66.56513026052104,94.0,19.86,52,False,GP4,False,GP4,False,GP3,4.4969529967966455,True,SIM,False,GP6,1.1755812549025584,True,SIM,False,GP4,False,True,SIM,False,GP2
36.52506123357827,3,Resting,66.69138276553106,94.0,20.436513026052097,53,False,GP4,False,GP4,False,GP3,4.537897173335548,True,SIM,False,GP6,1.1847558889643401,True,SIM,False,GP4,False,True,SIM,False,GP2
36.77222222222222,3,Resting,66.81763527054109,94.0,20.48,54,False,GP4,False,GP4,False,GP3,4.744626718459751,True,SIM,False,GP6,1.2022626620324608,True,SIM,False,GP4,False,True,SIM,False,GP2
36.4388888888889,3,Resting,66.9438877755511,94.0,20.48,55,False,GP4,False,GP4,False,GP3,4.588411444882963,True,SIM,False,GP6,1.2154443595504474,True,SIM,False,GP4,False,True,SIM,False,GP2
36.4388888888889,3,Resting,67.06012024048096,94.0,20.48,56,False,GP4,False,GP4,False,GP3,4.486140275943991,True,SIM,False,GP6,1.1383385717846444,True,SIM,False,GP4,False,True,SIM,False,GP2
36.402215542195506,3,Resting,67.16833667334669,94.0,20.48,57,False,GP4,False,GP4,False,GP3,4.583017492467218,True,SIM,False,GP6,1.1485732760737049,True,SIM,False,GP4,False,True,SIM,False,GP2
36.4388888888889,3,Resting,67.27655310621242,94.0,20.48,58,False,GP4,False,GP4,False,GP3,4.446900184632965,True,SIM,False,GP6,1.2506709666658788,True,SIM,False,GP4,False,True,SIM,False,GP2
36.4388888888889,3,Resting,67.38476953907815,94.0,20.48,59,False,GP4,False,GP4,False,GP3,4.627727835201432,True,SIM,False,GP6,1.1673247754101777,True,SIM,False,GP4,False,True,SIM,False,GP2
36.4388888888889,3,Resting,67.49298597194388,94.0,20.48,60,False,GP4,False,GP4,False,GP3,4.6019016266104344,True,SIM,False,GP6,1.1849333387191205,True,SIM,False,GP4,False,True,SIM,False,GP2
36.75819416610999,4,Resting,67.60120240480963,94.0,20.48,61,False,GP4,False,GP4,False,GP3,4.478626720158681,True,SIM,False,GP6,1.1426296279273749,True,SIM,False,GP4,False,True,SIM,False,GP2
35.93334446671119,4,Resting,67.70941883767534,94.0,20.48,62,False,GP4,False,GP4,False,GP3,4.413152876542702,True,SIM,False,GP6,1.1368765158812806,True,SIM,False,GP4,False,True,SIM,False,GP2
36.309173903362286,4,Resting,67.81763527054109,94.0,20.48,63,False,GP4,False,GP4,False,GP3,4.715313874119688,True,SIM,False,GP6,1.2604016251925536,True,SIM,False,GP4,False,True,SIM,False,GP2
36.03548207526164,4,Resting,67.92585170340682,94.0,20.48,64,False,GP4,False,GP4,False,GP3,4.490798156095183,True,SIM,False,GP6,1.1238456770807521,True,SIM,False,GP4,False,True,SIM,False,GP2
36.83741928301046,4,Resting,68.03406813627254,94.0,20.48,65,False,GP4,False,GP4,False,GP3,4.495286387088091,True,SIM,False,GP6,1.1466282409967423,True,SIM,False,GP4,False,True,SIM,False,GP2
36.42530616789134,4,Resting,68.14228456913828,94.0,20.48,66,False,GP4,False,GP4,False,GP3,4.614499958443822,True,SIM,False,GP6,1.2699824276876124,True,SIM,False,GP4,False,True,SIM,False,GP2
36.61595413048318,5,Resting,68.25050100200401,94.0,20.48,67,False,GP4,False,GP4,False,GP3,4.627358706692304,True,SIM,False,GP6,1.1308257459054398,True,SIM,False,GP4,False,True,SIM,False,GP2
36.58718548207526,5,Resting,68.35871743486975,94.0,20.48,68,False,GP4,False,GP4,False,GP3,4.405114716556072,True,SIM,False,GP6,1.2036735030739343,True,SIM,False,GP4,False,True,SIM,False,GP2
36.44649298597196,5,Resting,68.46693386773548,94.0,20.48,69,False,GP4,False,GP4,False,GP3,4.565741888039237,True,SIM,False,GP6,1.1917390540914712,True,SIM,False,GP4,False,True,SIM,False,GP2
36.77222222222222,5,Resting,68.57515030060121,94.0,20.48,70,False,GP4,False,GP4,False,GP3,4.518505151419923,True,SIM,False,GP6,1.2375907212466917,True,SIM,False,GP4,False,True,SIM,False,GP2
36.38319973279894,5,Resting,68.68336673346694,94.0,20.48,71,False,GP4,False,GP4,False,GP3,4.471626885385611,True,SIM,False,GP6,1.1117216314991722,True,SIM,False,GP4,False,True,SIM,False,GP2
36.39786239144957,6,Resting,68.79158316633267,94.0,20.48,72,False,GP4,False,GP4,False,GP3,4.538989378604513,True,SIM,False,GP6,1.151383160937491,True,SIM,False,GP4,False,True,SIM,False,GP2
36.44082609663772,6,Resting,68.8997995991984,94.0,20.66,73,False,GP4,False,GP4,False,GP3,4.529915577316144,True,SIM,False,GP6,1.2692274623187592,True,SIM,False,GP4,False,True,SIM,False,GP2
36.00492095301715,6,Resting,69.00801603206413,94.0,20.66,74,False,GP4,False,GP4,False,GP3,4.49328250410647,True,SIM,False,GP6,1.2319102271396036,True,SIM,False,GP4,False,True,SIM,False,GP2
36.4388888888889,6,Resting,69.11623246492987,94.0,20.66,75,False,GP4,False,GP4,False,GP3,4.523045658477852,True,SIM,False,GP6,1.238241106116003,True,SIM,False,GP4,False,True,SIM,False,GP2
36.4388888888889,6,Resting,69.2244488977956,94.0,20.66,76,False,GP4,False,GP4,False,GP3,4.516775681137368,True,SIM,False,GP6,1.1648370921614641,True,SIM,False,GP4,False,True,SIM,False,GP2
36.220886216878206,7,Resting,69.33266533066133,94.0,20.66,77,False,GP4,False,GP4,False,GP3,4.435996863119493,True,SIM,False,GP6,1.2776133601848378,True,SIM,False,GP4,False,True,SIM,False,GP2
36.19676018704075,7,Resting,69.44088176352706,94.0,20.66,78,False,GP4,False,GP4,False,GP3,4.500535352134699,True,SIM,False,GP6,1.2391847933700644,True,SIM,False,GP4,False,True,SIM,False,GP2
36.699409930973054,7,Resting,69.54909819639279,94.0,20.66,79,False,GP4,False,GP4,False,GP3,4.512970263400831,True,SIM,False,GP6,1.1413353354986115,True,SIM,False,GP4,False,True,SIM,False,GP2
36.768180806056556,7,Resting,69.65731462925852,94.0,20.66,80,False,GP4,False,GP4,False,GP3,4.614995868445063,True,SIM,False,GP6,1.2016688020360935,True,SIM,False,GP4,False,True,SIM,False,GP2
35.901013137385895,8,Resting,69.76553106212425,94.0,20.66,81,False,GP4,False,GP4,False,GP3,4.47804455432776,True,SIM,False,GP6,1.2758556273293935,True,SIM,False,GP4,False,True,SIM,False,GP2
36.2419394344244,8,Resting,69.87374749498998,94.0,20.66,82,False,GP4,False,GP4,False,GP3,4.461041305018917,True,SIM,False,GP6,1.1530354987112599,True,SIM,False,GP4,False,True,SIM,False,GP2
36.4388888888889,8,Resting,69.98196392785572,94.0,20.76,83,False,GP4,False,GP4,False,GP3,4.440521988475405,True,SIM,False,GP6,1.2389903732161387,True,SIM,False,GP4,False,True,SIM,False,GP2
36.332943665108,8,Resting,70.09018036072145,94.0,20.76,84,False,GP4,False,GP4,False,GP3,4.531571303268906,True,SIM,False,GP6,1.3475208663769978,True,SIM,False,GP4,False,True,SIM,False,GP2
36.08098419060343,8,Resting,70.19839679358718,94.0,20.76,85,False,GP4,False,GP4,False,GP3,4.47790219251055,True,SIM,False,GP6,1.239966812178842,True,SIM,False,GP4,False,True,SIM,False,GP2
36.191004230683596,8,Resting,70.30661322645291,94.0,20.76,86,False,GP4,False,GP4,False,GP3,4.442917373579122,True,SIM,False,GP6,1.1279927880736067,True,SIM,False,GP4,False,True,SIM,False,GP2
36.087096415052336,8,Resting,70.41482965931864,94.0,20.76,87,False,GP4,False,GP4,False,GP3,4.333237388954835,True,SIM,False,GP6,1.214830057537612,True,SIM,False,GP4,False,True,SIM,False,GP2
36.77222222222222,8,Resting,70.52304609218437,94.0,20.76,88,False,GP4,False,GP4,False,GP3,4.5478538657546705,True,SIM,False,GP6,1.0942064191196117,True,SIM,False,GP4,False,True,SIM,False,GP2
36.19523491427301,8,Resting,70.6312625250501,94.0,20.76,89,False,GP4,False,GP4,False,GP3,4.372193379172597,True,SIM,False,GP6,1.2585239450343642,True,SIM,False,GP4,False,True,SIM,False,GP2
37.07104208416834,8,Resting,70.73947895791584,94.0,20.76,90,False,GP4,False,GP4,False,GP3,4.382008539842401,True,SIM,False,GP6,1.2236454227226343,True,SIM,False,GP4,False,True,SIM,False,GP2
36.54910932977065,8,Resting,70.84769539078157,94.0,20.76,91,False,GP4,False,GP4,False,GP3,4.410258832645638,True,SIM,False,GP6,1.1960339573646814,True,SIM,False,GP4,False,True,SIM,False,GP2
36.619917613003786,8,Resting,70.9559118236473,94.0,20.76,92,False,GP4,False,GP4,False,GP3,4.778227254562325,True,SIM,False,GP6,1.2266997138517166,True,SIM,False,GP4,False,True,SIM,False,GP2
36.4388888888889,8,Resting,71.06412825651303,94.0,20.231482965931868,93,False,GP4,False,GP4,False,GP3,4.626478711099794,True,SIM,False,GP6,1.1695510849512474,True,SIM,False,GP4,False,True,SIM,False,GP2
36.11086617679804,8,Resting,71.17234468937876,94.0,20.17,94,False,GP4,False,GP4,False,GP3,4.510585701542316,True,SIM,False,GP6,1.2212977734744057,True,SIM,False,GP4,False,True,SIM,False,GP2
36.49900912936986,8,Resting,71.28056112224449,94.0,20.17,95,False,GP4,False,GP4,False,GP3,4.400657262242804,True,SIM,False,GP6,1.226206869350098,True,SIM,False,GP4,False,True,SIM,False,GP2
36.172667557336915,8,Resting,71.38877755511022,94.0,20.17,96,False,GP4,False,GP4,False,GP3,4.516398786791956,True,SIM,False,GP6,1.222508161995801,True,SIM,False,GP4,False,True,SIM,False,GP2
35.68980182587398,8,Resting,71.49699398797596,94.0,20.17,97,False,GP4,False,GP4,False,GP3,4.645321051386813,True,SIM,False,GP6,1.1818079589934427,True,SIM,False,GP4,False,True,SIM,False,GP2
34.65730349588066,8,Resting,71.60521042084169,94.0,20.17,98,False,GP4,False,GP4,False,GP3,4.4883294953472985,True,SIM,False,GP6,1.1428161538981538,True,SIM,False,GP4,False,True,SIM,False,GP2
35.11928301046537,8,Resting,71.71342685370742,94.0,20.17,99,False,GP4,False,GP4,False,GP3,4.462893112828932,True,SIM,False,GP6,1.2380162698500246,True,SIM,False,GP4,False,True,SIM,False,GP2
36.4388888888889,8,Resting,71.82164328657315,94.0,20.17,100,False,GP4,False,GP4,False,GP3,4.396450378785447,True,SIM,False,GP6,1.2100484872718587,True,SIM,False,GP4,False,True,SIM,False,GP2
35.91527499443331,8,Resting,71.92985971943888,94.0,20.17,101,False,GP4,False,GP4,False,GP3,4.440369625155678,True,SIM,False,GP6,1.1133844981807794,True,SIM,False,GP4,False,True,SIM,False,GP2
36.77222222222222,8,Resting,72.03807615230461,94.0,20.17,102,False,GP4,False,GP4,False,GP3,4.557113048863325,True,SIM,False,GP6,1.1532661580416526,True,SIM,False,GP4,False,True,SIM,False,GP2
36.1,8,Resting,72.14629258517034,94.0,20.36118236472948,103,False,GP4,False,GP4,False,GP3,4.425954824795897,True,SIM,False,GP6,1.1668853578435459,True,SIM,False,GP4,False,True,SIM,False,GP2
35.453462480516585,8,Resting,72.25450901803607,94.0,20.47,104,False,GP4,False,GP4,False,GP3,4.7159158958047485,True,SIM,False,GP6,1.2046561931759134,True,SIM,False,GP4,False,True,SIM,False,GP2
35.76111111111111,8,Resting,72.3627254509018,94.0,20.47,105,False,GP4,False,GP4,False,GP3,4.4833680360140455,True,SIM,False,GP6,1.2676180167617583,True,SIM,False,GP4,False,True,SIM,False,GP2
35.422222222222224,8,Resting,72.47094188376754,94.0,20.47,106,False,GP4,False,GP4,False,GP3,4.525984145876065,True,SIM,False,GP6,1.1581698074265505,True,SIM,False,GP4,False,True,SIM,False,GP2
36.1,9,Resting,72.57915831663327,94.0,20.47,107,False,GP4,False,GP4,False,GP3,4.619196072769855,True,SIM,False,GP6,1.1522942164773877,True,SIM,False,GP4,False,True,SIM,False,GP2
35.78080605655756,9,Resting,72.687374749499,94.0,20.47,108,False,GP4,False,GP4,False,GP3,4.364503921948661,True,SIM,False,GP6,1.1260368679365853,True,SIM,False,GP4,False,True,SIM,False,GP2
35.94397684257403,9,Resting,72.79559118236473,94.0,20.47,109,False,GP4,False,GP4,False,GP3,4.5143734347941935,True,SIM,False,GP6,1.2715980831889806,True,SIM,False,GP4,False,True,SIM,False,GP2
35.54650411934982,9,Resting,72.90380761523046,94.0,20.47,110,False,GP4,False,GP4,False,GP3,4.629717843553105,True,SIM,False,GP6,1.2093711384972583,True,SIM,False,GP4,False,True,SIM,False,GP2
35.28194166109997,9,Resting,73.0,94.0,20.47,111,False,GP4,False,GP4,False,GP3,4.541314415283198,True,SIM,False,GP6,1.1286738478825482,True,SIM,False,GP4,False,True,SIM,False,GP2
35.422222222222224,9,Resting,73.0,94.0,20.47,112,False,GP4,False,GP4,False,GP3,4.511857368160461,True,SIM,False,GP6,1.193273477147843,True,SIM,False,GP4,False,True,SIM,False,GP2
35.75841683366734,9,Resting,73.0,94.0,20.47,113,False,GP4,False,GP4,False,GP3,4.463174867190705,True,SIM,False,GP6,1.2086100240550524,True,SIM,False,GP4,False,True,SIM,False,GP2
35.76111111111111,9,Resting,73.0,94.0,19.35,114,False,GP4,False,GP4,False,GP3,4.528336629783674,True,SIM,False,GP6,1.1826205516510786,True,SIM,False,GP4,False,True,SIM,False,GP2
36.4388888888889,9,Resting,73.0,94.0,19.35,115,False,GP4,False,GP4,False,GP3,4.4647889832617444,True,SIM,False,GP6,1.2559820906354706,True,SIM,False,GP4,False,True,SIM,False,GP2
35.97843464707193,10,Resting,73.0,94.0,19.35,116,False,GP4,False,GP4,False,GP3,4.44858798603453,True,SIM,False,GP6,1.2068162377624194,True,SIM,False,GP4,False,True,SIM,False,GP2
36.38931195724784,10,Resting,73.0,94.0,19.35,117,False,GP4,False,GP4,False,GP3,4.515049280523546,True,SIM,False,GP6,1.2493434818186795,True,SIM,False,GP4,False,True,SIM,False,GP2
36.07758851035404,10,Resting,73.0,94.0,19.35,118,False,GP4,False,GP4,False,GP3,4.461692334161345,True,SIM,False,GP6,1.1828850874232086,True,SIM,False,GP4,False,True,SIM,False,GP2
36.19439991093299,10,Resting,73.0,94.0,19.35,119,False,GP4,False,GP4,False,GP3,4.438341162847236,True,SIM,False,GP6,1.173305907037656,True,SIM,False,GP4,False,True,SIM,False,GP2
36.43004898686263,10,Resting,73.0,94.0,19.35,120,False,GP4,False,GP4,False,GP3,4.662738321650749,True,SIM,False,GP6,1.258325461667385,True,SIM,False,GP4,False,True,SIM,False,GP2
36.91173458027164,10,Resting,73.0,94.0,19.35,121,False,GP4,False,GP4,False,GP3,4.472816927989869,True,SIM,False,GP6,1.1611389411678454,True,SIM,False,GP4,False,True,SIM,False,GP2
36.744166109997764,10,Resting,73.0,94.0,19.35,122,False,GP4,False,GP4,False,GP3,4.55529530290251,True,SIM,False,GP6,1.1868591966686077,True,SIM,False,GP4,False,True,SIM,False,GP2
36.48164105989757,11,Resting,73.0,94.0,19.35,123,False,GP4,False,GP4,False,GP3,4.613904800370441,True,SIM,False,GP6,1.1593122025223654,True,SIM,False,GP4,False,True,SIM,False,GP2
36.32901358272098,11,Resting,73.0,94.0,20.45,124,False,GP4,False,GP4,False,GP3,4.554513089467438,True,SIM,False,GP6,1.2702923845939438,True,SIM,False,GP4,False,True,SIM,False,GP2
36.4388888888889,11,Resting,73.0,94.0,20.45,125,False,GP4,False,GP4,False,GP3,4.533595735238078,True,SIM,False,GP6,1.243514602322514,True,SIM,False,GP4,False,True,SIM,False,GP2
36.25761523046093,11,Resting,73.0,94.0,20.45,126,False,GP4,False,GP4,False,GP3,4.5924685225397806,True,SIM,False,GP6,1.2413884398957205,True,SIM,False,GP4,False,True,SIM,False,GP2
37.111111111111114,11,Resting,73.0,94.0,20.45,127,False,GP4,False,GP4,False,GP3,4.619881702819035,True,SIM,False,GP6,1.2203386591932346,True,SIM,False,GP4,False,True,SIM,False,GP2
36.64424404364284,12,Resting,73.0,94.0,20.45,128,False,GP4,False,GP4,False,GP3,4.817836189470234,True,SIM,False,GP6,1.2549332614892252,True,SIM,False,GP4,False,True,SIM,False,GP2
36.97460476508573,12,Resting,73.0,94.0,20.45,129,False,GP4,False,GP4,False,GP3,4.683998166547958,True,SIM,False,GP6,1.2131809067644652,True,SIM,False,GP4,False,True,SIM,False,GP2
36.35865063460253,12,Resting,73.0,94.0,20.45,130,False,GP4,False,GP4,False,GP3,4.587173649630177,True,SIM,False,GP6,1.1723462958994246,True,SIM,False,GP4,False,True,SIM,False,GP2
36.274259630371844,12,Resting,73.0,94.0,20.45,131,False,GP4,False,GP4,False,GP3,4.589354241331941,True,SIM,False,GP6,1.1238407141306366,True,SIM,False,GP4,False,True,SIM,False,GP2
36.4388888888889,12,Resting,73.0,94.0,20.45,132,False,GP4,False,GP4,False,GP3,4.453699628802543,True,SIM,False,GP6,1.2800201276607437,True,SIM,False,GP4,False,True,SIM,False,GP2
36.4388888888889,12,Resting,73.0,94.0,20.45,133,False,GP4,False,GP4,False,GP3,4.551522286471633,True,SIM,False,GP6,1.1440686406191722,True,SIM,False,GP4,False,True,SIM,False,GP2
36.75142507236698,12,Resting,73.0,94.0,20.45,134,False,GP4,False,GP4,False,GP3,4.457474658805646,True,SIM,False,GP6,1.218797509701061,True,SIM,False,GP4,False,True,SIM,False,GP2
37.00177020708084,12,Resting,73.0,94.0,19.91,135,False,GP4,False,GP4,False,GP3,4.319961182883146,True,SIM,False,GP6,1.1947988697946494,True,SIM,False,GP4,False,True,SIM,False,GP2
36.401536406145624,12,Resting,73.0,94.0,19.91,136,False,GP4,False,GP4,False,GP3,4.592347906313271,True,SIM,False,GP6,1.2451668445926838,True,SIM,False,GP4,False,True,SIM,False,GP2
36.77222222222222,12,Resting,73.0,94.0,19.91,137,False,GP4,False,GP4,False,GP3,4.572820950522206,True,SIM,False,GP6,1.2045654371099195,True,SIM,False,GP4,False,True,SIM,False,GP2
36.33226452905813,12,Resting,73.0,94.0,19.91,138,False,GP4,False,GP4,False,GP3,4.242614781854379,True,SIM,False,GP6,1.1630830171068272,True,SIM,False,GP4,False,True,SIM,False,GP2
37.27138721888221,12,Resting,73.0,94.0,19.91,139,False,GP4,False,GP4,False,GP3,4.561611179634677,True,SIM,False,GP6,1.2671509325404073,True,SIM,False,GP4,False,True,SIM,False,GP2
36.68538187486083,12,Resting,73.0,94.0,19.91,140,False,GP4,False,GP4,False,GP3,4.4962947689416275,True,SIM,False,GP6,1.1525849419468743,True,SIM,False,GP4,False,True,SIM,False,GP2
36.45492095301716,13,Resting,73.0,94.0,19.91,141,False,GP4,False,GP4,False,GP3,4.442080336591875,True,SIM,False,GP6,1.11979225174007,True,SIM,False,GP4,False,True,SIM,False,GP2
36.77222222222222,13,Resting,73.0,94.0,19.91,142,False,GP4,False,GP4,False,GP3,4.59573301115717,True,SIM,False,GP6,1.2864546280388274,True,SIM,False,GP4,False,True,SIM,False,GP2
36.391282565130254,13,Resting,73.0,94.0,19.91,143,False,GP4,False,GP4,False,GP3,4.418652986926614,True,SIM,False,GP6,1.1892488479680763,True,SIM,False,GP4,False,True,SIM,False,GP2
36.0395568915609,13,Resting,73.0,94.0,19.91,144,False,GP4,False,GP4,False,GP3,4.509437937638916,True,SIM,False,GP6,1.1543641510205345,True,SIM,False,GP4,False,True,SIM,False,GP2
34.9506012024048,13,Resting,73.0,94.0,20.47,145,False,GP4,False,GP4,False,GP3,4.45666319317951,True,SIM,False,GP6,1.1515327362442958,True,SIM,False,GP4,False,True,SIM,False,GP2
34.377989311957215,14,Resting,73.0,94.0,20.47,146,False,GP4,False,GP4,False,GP3,4.511273579996189,True,SIM,False,GP6,1.155939909721617,True,SIM,False,GP4,False,True,SIM,False,GP2
31.114373190826104,14,Resting,73.0,94.0,20.47,147,False,GP4,False,GP4,False,GP3,4.5058673160227976,True,SIM,False,GP6,1.1707503036771931,True,SIM,False,GP4,False,True,SIM,False,GP2
31.333912268982424,14,Resting,73.0,94.0,20.47,148,False,GP4,False,GP4,False,GP3,4.544725896891631,True,SIM,False,GP6,1.1655022793486842,True,SIM,False,GP4,False,True,SIM,False,GP2
31.03888888888889,14,Resting,73.0,94.0,20.47,149,False,GP4,False,GP4,False,GP3,4.570120099610259,True,SIM,False,GP6,1.162687567886327,True,SIM,False,GP4,False,True,SIM,False,GP2
31.32679804052549,15,Resting,73.0,94.0,20.47,150,False,GP4,False,GP4,False,GP3,4.440149344645697,True,SIM,False,GP6,1.2344035996586264,True,SIM,False,GP4,False,True,SIM,False,GP2
36.12580716989534,15,Resting,73.0,94.0,20.47,151,False,GP4,False,GP4,False,GP3,4.495826802687378,True,SIM,False,GP6,1.2392455163853322,True,SIM,False,GP4,False,True,SIM,False,GP2
36.341093297706536,15,Resting,73.0,94.0,20.47,152,False,GP4,False,GP4,False,GP3,4.462703808621133,True,SIM,False,GP6,1.2219553322325176,True,SIM,False,GP4,False,True,SIM,False,GP2
36.4388888888889,16,Resting,73.0,94.0,20.47,153,False,GP4,False,GP4,False,GP3,4.504268741423759,True,SIM,False,GP6,1.2552407470022426,True,SIM,False,GP4,False,True,SIM,False,GP2
36.341772433756404,16,Resting,73.0,94.0,20.47,154,False,GP4,False,GP4,False,GP3,4.659867142447456,True,SIM,False,GP6,1.1674595988789187,True,SIM,False,GP4,False,True,SIM,False,GP2
36.07487196615453,16,Resting,73.0,94.0,20.78,155,False,GP4,False,GP4,False,GP3,4.404112724702714,True,SIM,False,GP6,1.2720621166983719,True,SIM,False,GP4,False,True,SIM,False,GP2
36.1,17,Resting,73.0,94.0,20.78,156,False,GP4,False,GP4,False,GP3,4.562528060159315,True,SIM,False,GP6,1.185515254316241,True,SIM,False,GP4,False,True,SIM,False,GP2
36.320040080160325,17,Resting,73.0,94.0,20.78,157,False,GP4,False,GP4,False,GP3,4.432298214975404,True,SIM,False,GP6,1.276376627493133,True,SIM,False,GP4,False,True,SIM,False,GP2
36.4388888888889,17,Resting,73.0,94.0,20.78,158,False,GP4,False,GP4,False,GP3,4.661398554983167,True,SIM,False,GP6,1.3288492965487426,True,SIM,False,GP4,False,True,SIM,False,GP2
36.210699176130056,18,Resting,73.0,94.0,20.78,159,False,GP4,False,GP4,False,GP3,4.469377975721238,True,SIM,False,GP6,1.1808813362040653,True,SIM,False,GP4,False,True,SIM,False,GP2
36.4388888888889,18,Resting,73.0,94.0,20.78,160,False,GP4,False,GP4,False,GP3,4.501225696219337,True,SIM,False,GP6,1.2426563049969246,True,SIM,False,GP4,False,True,SIM,False,GP2
35.89693832108663,19,Resting,73.0,94.0,20.78,161,False,GP4,False,GP4,False,GP3,4.600153685836415,True,SIM,False,GP6,1.2207999030467047,True,SIM,False,GP4,False,True,SIM,False,GP2
36.298986862614115,19,Resting,73.0,94.0,20.78,162,False,GP4,False,GP4,False,GP3,4.526717593504592,True,SIM,False,GP6,1.1731066770966023,True,SIM,False,GP4,False,True,SIM,False,GP2
35.8032175462035,20,Resting,73.0,94.0,20.78,163,False,GP4,False,GP4,False,GP3,4.506153919385846,True,SIM,False,GP6,1.164066038609556,True,SIM,False,GP4,False,True,SIM,False,GP2
35.70610109107103,20,Resting,73.0,94.0,20.752745490981955,164,False,GP4,False,GP4,False,GP3,4.450445089912917,True,SIM,False,GP6,1.2246007318082706,True,SIM,False,GP4,False,True,SIM,False,GP2
36.4388888888889,20,Resting,73.0,94.0,20.61,165,False,GP4,False,GP4,False,GP3,4.50497197036189,True,SIM,False,GP6,1.2089342370963287,True,SIM,False,GP4,False,True,SIM,False,GP2
36.260955243820995,21,Resting,73.0,94.0,20.61,166,False,GP4,False,GP4,False,GP3,4.58013836082731,True,SIM,False,GP6,1.202403251892436,True,SIM,False,GP4,False,True,SIM,False,GP2
36.452950345134724,21,Resting,73.0,94.0,20.61,167,False,GP4,False,GP4,False,GP3,4.480073746676404,True,SIM,False,GP6,1.1722793965168774,True,SIM,False,GP4,False,True,SIM,False,GP2
35.9940547762191,22,Resting,73.0,94.0,20.61,168,False,GP4,False,GP4,False,GP3,4.51314885362549,True,SIM,False,GP6,1.2454708753204697,True,SIM,False,GP4,False,True,SIM,False,GP2
36.472289022489434,22,Resting,73.0,94.0,20.61,169,False,GP4,False,GP4,False,GP3,4.494378387732138,True,SIM,False,GP6,1.20010526976463,True,SIM,False,GP4,False,True,SIM,False,GP2
36.06196838120686,22,Resting,73.0,94.0,20.61,170,False,GP4,False,GP4,False,GP3,4.629614858318986,True,SIM,False,GP6,1.1436529504571897,True,SIM,False,GP4,False,True,SIM,False,GP2
36.54710532175462,23,Resting,73.0,94.0,20.61,171,False,GP4,False,GP4,False,GP3,4.559695518875009,True,SIM,False,GP6,1.1009290449726745,True,SIM,False,GP4,False,True,SIM,False,GP2
35.735983077265644,23,Resting,73.0,94.0,20.61,172,False,GP4,False,GP4,False,GP3,4.478910159138152,True,SIM,False,GP6,1.2064001480442275,True,SIM,False,GP4,False,True,SIM,False,GP2
35.5920062346916,23,Resting,73.0,94.0,20.61,173,False,GP4,False,GP4,False,GP3,4.437915600524175,True,SIM,False,GP6,1.1443907766367825,True,SIM,False,GP4,False,True,SIM,False,GP2
36.1,23,Resting,73.0,94.0,20.61,174,False,GP4,False,GP4,False,GP3,4.440844392167595,True,SIM,False,GP6,1.2153599437215272,True,SIM,False,GP4,False,True,SIM,False,GP2
36.15908483633935,24,Resting,73.0,94.0,20.35,175,False,GP4,False,GP4,False,GP3,4.473076458482077,True,SIM,False,GP6,1.1404315376725256,True,SIM,False,GP4,False,True,SIM,False,GP2
36.17674237363615,24,Resting,73.0,94.0,20.35,176,False,GP4,False,GP4,False,GP3,4.410850135709114,True,SIM,False,GP6,1.2836494339175408,True,SIM,False,GP4,False,True,SIM,False,GP2
35.69474504564687,25,Resting,73.0,94.0,20.35,177,False,GP4,False,GP4,False,GP3,4.651026686862688,True,SIM,False,GP6,1.1012975704180372,True,SIM,False,GP4,False,True,SIM,False,GP2
35.90953017145399,25,Resting,73.0,94.0,20.35,178,False,GP4,False,GP4,False,GP3,4.3759578606466505,True,SIM,False,GP6,1.1795398077459345,True,SIM,False,GP4,False,True,SIM,False,GP2
36.08370073480296,25,Resting,73.0,94.0,20.35,179,False,GP4,False,GP4,False,GP3,4.526261038118549,True,SIM,False,GP6,1.1713896121237266,True,SIM,False,GP4,False,True,SIM,False,GP2
36.01986194611446,26,Resting,73.0,94.0,20.35,180,False,GP4,False,GP4,False,GP3,4.405699424400646,True,SIM,False,GP6,1.2056580965229167,True,SIM,False,GP4,False,True,SIM,False,GP2
36.065364061456236,26,Resting,73.0,94.0,20.35,181,False,GP4,False,GP4,False,GP3,4.485705084851496,True,SIM,False,GP6,1.24104024387134,True,SIM,False,GP4,False,True,SIM,False,GP2
36.1,27,Resting,73.0,94.0,20.35,182,False,GP4,False,GP4,False,GP3,4.485952796082961,True,SIM,False,GP6,1.2043703672993444,True,SIM,False,GP4,False,True,SIM,False,GP2
35.8038966822534,27,Resting,73.0,94.0,20.35,183,False,GP4,False,GP4,False,GP3,4.472909826967566,True,SIM,False,GP6,1.3067324680206451,True,SIM,False,GP4,False,True,SIM,False,GP2
35.79031396125585,28,Resting,73.0,94.0,20.35,184,False,GP4,False,GP4,False,GP3,4.525485129744372,True,SIM,False,GP6,1.1883970430024797,True,SIM,False,GP4,False,True,SIM,False,GP2
35.76111111111111,28,Resting,73.0,94.0,20.33,185,False,GP4,False,GP4,False,GP3,4.539270702729618,True,SIM,False,GP6,1.2633096904417198,True,SIM,False,GP4,False,True,SIM,False,GP2
35.92682030728123,29,Resting,73.0,94.0,20.33,186,False,GP4,False,GP4,False,GP3,4.620491714181876,True,SIM,False,GP6,1.1656178269943307,True,SIM,False,GP4,False,True,SIM,False,GP2
35.609663771988416,29,Resting,73.0,94.0,20.33,187,False,GP4,False,GP4,False,GP3,4.476577923073099,True,SIM,False,GP6,1.2340575201685406,True,SIM,False,GP4,False,True,SIM,False,GP2
36.1,29,Resting,73.0,94.0,20.33,188,False,GP4,False,GP4,False,GP3,4.517133217672074,True,SIM,False,GP6,1.229689093767671,True,SIM,False,GP4,False,True,SIM,False,GP2
36.72279002449343,30,Resting,73.0,94.0,20.33,189,False,GP4,False,GP4,False,GP3,4.496112158139672,True,SIM,False,GP6,1.183160588182377,True,SIM,False,GP4,False,True,SIM,False,GP2
35.883355600089075,30,Resting,73.0,94.0,20.33,190,False,GP4,False,GP4,False,GP3,4.505668271860016,True,SIM,False,GP6,1.2315990534864565,True,SIM,False,GP4,False,True,SIM,False,GP2
35.56687820084613,31,Resting,73.0,94.0,20.33,191,False,GP4,False,GP4,False,GP3,4.458547556261278,True,SIM,False,GP6,1.1976864647181815,True,SIM,False,GP4,False,True,SIM,False,GP2
36.1,31,Resting,73.0,94.0,20.33,192,False,GP4,False,GP4,False,GP3,4.516013948970435,True,SIM,False,GP6,1.1782959310347338,True,SIM,False,GP4,False,True,SIM,False,GP2
35.422222222222224,32,Resting,73.0,94.0,20.33,193,False,GP4,False,GP4,False,GP3,4.260782536231018,True,SIM,False,GP6,1.2144531856405933,True,SIM,False,GP4,False,True,SIM,False,GP2
35.422222222222224,32,Resting,73.0,94.0,20.33,194,False,GP4,False,GP4,False,GP3,4.625562397324821,True,SIM,False,GP6,1.2167464691883905,True,SIM,False,GP4,False,True,SIM,False,GP2
35.95670229347585,32,Resting,73.0,94.0,20.23,195,False,GP4,False,GP4,False,GP3,4.403038773406387,True,SIM,False,GP6,1.1971088676522985,True,SIM,False,GP4,False,True,SIM,False,GP2
35.54582498329994,33,Resting,73.0,94.0,20.23,196,False,GP4,False,GP4,False,GP3,4.354823759222026,True,SIM,False,GP6,1.2179778895511233,True,SIM,False,GP4,False,True,SIM,False,GP2
35.8943887775551,33,Resting,73.0,94.0,20.23,197,False,GP4,False,GP4,False,GP3,4.5417437291930485,True,SIM,False,GP6,1.220667837565411,True,SIM,False,GP4,False,True,SIM,False,GP2
34.81078824315296,34,Resting,73.0,94.0,20.23,198,False,GP4,False,GP4,False,GP3,4.564803519697369,True,SIM,False,GP6,1.1804082581913018,True,SIM,False,GP4,False,True,SIM,False,GP2
35.66874860832777,34,Resting,73.0,94.0,20.23,199,False,GP4,False,GP4,False,GP3,4.61822702265658,True,SIM,False,GP6,1.230744516452652,True,SIM,False,GP4,False,True,SIM,False,GP2
34.575462035181474,35,Resting,73.0,94.0,20.23,200,False,GP4,False,GP4,False,GP3,4.490698863039699,True,SIM,False,GP6,1.1835315294299142,True,SIM,False,GP4,False,True,SIM,False,GP2
35.2188042752171,35,Resting,73.0,94.0,20.23,201,False,GP4,False,GP4,False,GP3,4.3738408751182085,True,SIM,False,GP6,1.2222654715691104,True,SIM,False,GP4,False,True,SIM,False,GP2
35.45278334446671,35,Resting,73.0,94.0,20.23,202,False,GP4,False,GP4,False,GP3,4.571867172724677,True,SIM,False,GP6,1.2144224868770306,True,SIM,False,GP4,False,True,SIM,False,GP2
35.04746158984635,36,Resting,73.0,94.0,20.23,203,False,GP4,False,GP4,False,GP3,4.392104892715512,True,SIM,False,GP6,1.2833528167675783,True,SIM,False,GP4,False,True,SIM,False,GP2
34.97547316855933,36,Resting,73.0,94.0,20.23,204,False,GP4,False,GP4,False,GP3,4.571283117017445,True,SIM,False,GP6,1.2029770391358345,True,SIM,False,GP4,False,True,SIM,False,GP2
35.05445335114673,37,Resting,73.0,94.0,20.16,205,False,GP4,False,GP4,False,GP3,4.499598458777841,True,SIM,False,GP6,1.1164667228014902,True,SIM,False,GP4,False,True,SIM,False,GP2
34.49260743709641,37,Resting,73.0,94.0,20.16,206,False,GP4,False,GP4,False,GP3,4.4005479355125,True,SIM,False,GP6,1.1588418212885159,True,SIM,False,GP4,False,True,SIM,False,GP2
34.759507904698296,38,Resting,73.0,94.0,20.16,207,False,GP4,False,GP4,False,GP3,4.4034916693528166,True,SIM,False,GP6,1.117111646937301,True,SIM,False,GP4,False,True,SIM,False,GP2
35.21282565130258,38,Resting,73.0,94.0,20.16,208,False,GP4,False,GP4,False,GP3,4.54031063417013,True,SIM,False,GP6,1.2581106253970742,True,SIM,False,GP4,False,True,SIM,False,GP2
35.62664217323537,38,Resting,73.0,94.0,20.16,209,False,GP4,False,GP4,False,GP3,4.413973467677527,True,SIM,False,GP6,1.1776624960548785,True,SIM,False,GP4,False,True,SIM,False,GP2
35.55465375194835,39,Resting,73.0,94.0,20.16,210,False,GP4,False,GP4,False,GP3,4.409503217784274,True,SIM,False,GP6,1.1075672923085673,True,SIM,False,GP4,False,True,SIM,False,GP2
35.76111111111111,39,Resting,73.0,94.0,20.16,211,False,GP4,False,GP4,False,GP3,4.461998537958407,True,SIM,False,GP6,1.1944669680963045,True,SIM,False,GP4,False,True,SIM,False,GP2
35.39932086395013,40,Resting,73.0,94.0,20.16,212,False,GP4,False,GP4,False,GP3,4.483239485123606,True,SIM,False,GP6,1.2277452378904024,True,SIM,False,GP4,False,True,SIM,False,GP2
34.91569806279225,40,Resting,73.0,94.0,20.16,213,False,GP4,False,GP4,False,GP3,4.53145628082678,True,SIM,False,GP6,1.1922228054135184,True,SIM,False,GP4,False,True,SIM,False,GP2
35.241861500779336,41,Resting,73.0,94.0,20.16,214,False,GP4,False,GP4,False,GP3,4.401675158051258,True,SIM,False,GP6,1.1878153283364241,True,SIM,False,GP4,False,True,SIM,False,GP2
34.519639278557115,41,Resting,73.0,94.0,20.75,215,False,GP4,False,GP4,False,GP3,4.422064791604937,True,SIM,False,GP6,1.157064961329841,True,SIM,False,GP4,False,True,SIM,False,GP2
34.75,41,Resting,73.0,94.0,20.75,216,False,GP4,False,GP4,False,GP3,4.670834818246054,True,SIM,False,GP6,1.2455079560527094,True,SIM,False,GP4,False,True,SIM,False,GP2
34.782598530394125,42,Resting,73.0,94.0,20.75,217,False,GP4,False,GP4,False,GP3,4.548483640792815,True,SIM,False,GP6,1.2611838604965022,True,SIM,False,GP4,False,True,SIM,False,GP2
35.31934981073257,42,Resting,73.0,94.0,20.75,218,False,GP4,False,GP4,False,GP3,4.3490681460270855,True,SIM,False,GP6,1.1439015218390176,True,SIM,False,GP4,False,True,SIM,False,GP2
35.08888888888888,43,Resting,73.0,94.0,20.75,219,False,GP4,False,GP4,False,GP3,4.3449897547076475,True,SIM,False,GP6,1.2289665541401895,True,SIM,False,GP4,False,True,SIM,False,GP2
34.659674905366295,43,Resting,73.0,94.0,20.75,220,False,GP4,False,GP4,False,GP3,4.369825488572695,True,SIM,False,GP6,1.2349859668874463,True,SIM,False,GP4,False,True,SIM,False,GP2
35.052215542195476,44,Resting,73.0,94.0,20.75,221,False,GP4,False,GP4,False,GP3,4.739307914588839,True,SIM,False,GP6,1.2545675102707141,True,SIM,False,GP4,False,True,SIM,False,GP2
34.803651747940314,44,Walking,73.0,94.0,20.75,222,False,GP4,False,GP4,False,GP3,4.540158953791046,True,SIM,False,GP6,1.1364795792142348,True,SIM,False,GP4,False,True,SIM,False,GP2
34.96324871966155,44,Walking,73.0,94.0,20.75,223,False,GP4,False,GP4,False,GP3,4.66230886374585,True,SIM,False,GP6,1.157451816761779,True,SIM,False,GP4,False,True,SIM,False,GP2
34.07777777777778,44,Walking,73.0,94.0,20.75,224,False,GP4,False,GP4,False,GP3,4.428822529275232,True,SIM,False,GP6,1.1606349467635328,True,SIM,False,GP4,False,True,SIM,False,GP2
33.66961701180138,45,Walking,73.0,94.0,20.62,225,False,GP4,False,GP4,False,GP3,4.4585402952001365,True,SIM,False,GP6,1.288798056482932,True,SIM,False,GP4,False,True,SIM,False,GP2
34.75271654419951,45,Walking,73.0,94.0,20.62,226,False,GP4,False,GP4,False,GP3,4.4240867170269595,True,SIM,False,GP6,1.2206438962258974,True,SIM,False,GP4,False,True,SIM,False,GP2
35.014183923402356,45,Walking,73.0,94.0,20.62,227,False,GP4,False,GP4,False,GP3,4.443660092492443,True,SIM,False,GP6,1.180490865923777,True,SIM,False,GP4,False,True,SIM,False,GP2
33.400000000000006,45,Walking,73.0,94.0,20.62,228,False,GP4,False,GP4,False,GP3,4.408164013111106,True,SIM,False,GP6,1.2386282592399864,True,SIM,False,GP4,False,True,SIM,False,GP2
33.041349365397465,46,Walking,73.0,94.0,20.62,229,False,GP4,False,GP4,False,GP3,4.680464851664805,True,SIM,False,GP6,1.200822543239999,True,SIM,False,GP4,False,True,SIM,False,GP2
35.04067022934758,46,Walking,73.0,94.0,20.62,230,False,GP4,False,GP4,False,GP3,4.433918338794765,True,SIM,False,GP6,1.1624851673435745,True,SIM,False,GP4,False,True,SIM,False,GP2
35.422222222222224,46,Walking,73.0,94.0,20.62,231,False,GP4,False,GP4,False,GP3,4.543745528498285,True,SIM,False,GP6,1.1458208972447608,True,SIM,False,GP4,False,True,SIM,False,GP2
35.32803384546871,46,Walking,73.0,94.0,20.62,232,False,GP4,False,GP4,False,GP3,4.428163339320314,True,SIM,False,GP6,1.2063149556717945,True,SIM,False,GP4,False,True,SIM,False,GP2
35.593364506791374,47,Walking,73.0,94.0,20.62,233,False,GP4,False,GP4,False,GP3,4.554626464155315,True,SIM,False,GP6,1.2206025576798563,True,SIM,False,GP4,False,True,SIM,False,GP2
34.84915386328211,47,Walking,73.0,94.0,20.62,234,False,GP4,False,GP4,False,GP3,4.459999214596277,True,SIM,False,GP6,1.2024759524866946,True,SIM,False,GP4,False,True,SIM,False,GP2
35.08888888888888,47,Walking,73.0,94.0,20.02,235,False,GP4,False,GP4,False,GP3,4.513579697396962,True,SIM,False,GP6,1.1946145427030102,True,SIM,False,GP4,False,True,SIM,False,GP2
35.04406590959695,48,Walking,73.0,94.0,20.02,236,False,GP4,False,GP4,False,GP3,4.4680213900114785,True,SIM,False,GP6,1.1638131703311563,True,SIM,False,GP4,False,True,SIM,False,GP2
34.633188599421075,48,Walking,73.0,94.0,20.02,237,False,GP4,False,GP4,False,GP3,4.492692845532294,True,SIM,False,GP6,1.1487023855518175,True,SIM,False,GP4,False,True,SIM,False,GP2
34.75,48,Walking,73.0,94.0,20.02,238,False,GP4,False,GP4,False,GP3,4.597522092268329,True,SIM,False,GP6,1.223408810144172,True,SIM,False,GP4,False,True,SIM,False,GP2
35.08888888888888,49,Walking,73.0,94.0,20.02,239,False,GP4,False,GP4,False,GP3,4.638942785166806,True,SIM,False,GP6,1.2478446356704582,True,SIM,False,GP4,False,True,SIM,False,GP2
34.77434869739473,49,Walking,73.0,94.0,20.02,240,False,GP4,False,GP4,False,GP3,4.644360485776691,True,SIM,False,GP6,1.1134521465690626,True,SIM,False,GP4,False,True,SIM,False,GP2
35.968247606323764,49,Walking,73.0,94.0,20.02,241,False,GP4,False,GP4,False,GP3,4.484416943869799,True,SIM,False,GP6,1.2388648516061276,True,SIM,False,GP4,False,True,SIM,False,GP2
35.01088844355383,50,Walking,73.0,94.0,20.02,242,False,GP4,False,GP4,False,GP3,4.453162327278035,True,SIM,False,GP6,1.2639000955376238,True,SIM,False,GP4,False,True,SIM,False,GP2
35.29530171454019,50,Walking,73.0,94.0,20.02,243,False,GP4,False,GP4,False,GP3,4.5929329938456505,True,SIM,False,GP6,1.1618990529432613,True,SIM,False,GP4,False,True,SIM,False,GP2
32.83631707860168,51,Walking,73.0,94.0,20.02,244,False,GP4,False,GP4,False,GP3,4.506936681816009,True,SIM,False,GP6,1.1453042734789651,True,SIM,False,GP4,False,True,SIM,False,GP2
35.08888888888888,52,Walking,73.0,94.0,20.07821643286572,245,False,GP4,False,GP4,False,GP3,4.428283527808937,True,SIM,False,GP6,1.1230212300087339,True,SIM,False,GP4,False,True,SIM,False,GP2
35.84804052549542,52,Walking,73.0,94.0,20.37,246,False,GP4,False,GP4,False,GP3,4.441309492424768,True,SIM,False,GP6,1.2098542722645589,True,SIM,False,GP4,False,True,SIM,False,GP2
36.07894678245381,53,Walking,73.0,94.0,20.37,247,False,GP4,False,GP4,False,GP3,4.467735607309564,True,SIM,False,GP6,1.1723292626897321,True,SIM,False,GP4,False,True,SIM,False,GP2
36.66600979737251,53,Walking,73.0,94.0,20.37,248,False,GP4,False,GP4,False,GP3,4.453995467174017,True,SIM,False,GP6,1.1754763178289882,True,SIM,False,GP4,False,True,SIM,False,GP2
35.53020485415273,54,Walking,73.0,94.0,20.37,249,False,GP4,False,GP4,False,GP3,4.475132713805912,True,SIM,False,GP6,1.1432593843023664,True,SIM,False,GP4,False,True,SIM,False,GP2
35.422222222222224,54,Walking,73.0,94.0,20.37,250,False,GP4,False,GP4,False,GP3,4.423849905600312,True,SIM,False,GP6,1.220273522585201,True,SIM,False,GP4,False,True,SIM,False,GP2
35.330950790469785,55,Walking,73.0,94.0,20.37,251,False,GP4,False,GP4,False,GP3,4.5677249420262696,True,SIM,False,GP6,1.2237037132712385,True,SIM,False,GP4,False,True,SIM,False,GP2
35.06523046092186,55,Walking,73.0,94.0,20.37,252,False,GP4,False,GP4,False,GP3,4.469151603361146,True,SIM,False,GP6,1.1878713773073284,True,SIM,False,GP4,False,True,SIM,False,GP2
35.59608105099085,56,Walking,73.0,94.0,20.37,253,False,GP4,False,GP4,False,GP3,4.461885395368076,True,SIM,False,GP6,1.2211936116556583,True,SIM,False,GP4,False,True,SIM,False,GP2
35.422222222222224,56,Walking,73.0,94.0,20.37,254,False,GP4,False,GP4,False,GP3,4.45203123654287,True,SIM,False,GP6,1.194848998456277,True,SIM,False,GP4,False,True,SIM,False,GP2
35.818158539300846,56,Walking,73.0,94.0,20.37,255,False,GP4,False,GP4,False,GP3,4.63929660771068,True,SIM,False,GP6,1.1839670924468402,True,SIM,False,GP4,False,True,SIM,False,GP2
35.68029392117568,57,Walking,73.0,94.0,20.49,256,False,GP4,False,GP4,False,GP3,4.469414362257116,True,SIM,False,GP6,1.1776024968427985,True,SIM,False,GP4,False,True,SIM,False,GP2
35.349777332442606,57,Walking,73.0,94.0,20.49,257,False,GP4,False,GP4,False,GP3,4.510205956334685,True,SIM,False,GP6,1.1829888818604217,True,SIM,False,GP4,False,True,SIM,False,GP2
35.82698730794923,58,Walking,73.0,94.0,20.49,258,False,GP4,False,GP4,False,GP3,4.491895021242329,True,SIM,False,GP6,1.2692880953246868,True,SIM,False,GP4,False,True,SIM,False,GP2
35.10101313738584,58,Walking,73.0,94.0,20.49,259,False,GP4,False,GP4,False,GP3,4.644314595793044,True,SIM,False,GP6,1.152133347635908,True,SIM,False,GP4,False,True,SIM,False,GP2
35.08888888888888,58,Walking,73.0,94.0,20.49,260,False,GP4,False,GP4,False,GP3,4.555246264088776,True,SIM,False,GP6,1.2495821951633426,True,SIM,False,GP4,False,True,SIM,False,GP2
34.41111111111111,59,Walking,73.0,94.0,20.49,261,False,GP4,False,GP4,False,GP3,4.40666586178976,True,SIM,False,GP6,1.1846982595051283,True,SIM,False,GP4,False,True,SIM,False,GP2
34.51829213983524,59,Walking,73.0,94.0,20.49,262,False,GP4,False,GP4,False,GP3,4.3553879823051584,True,SIM,False,GP6,1.0971067936082395,True,SIM,False,GP4,False,True,SIM,False,GP2
35.76111111111111,59,Walking,73.0,94.0,20.49,263,False,GP4,False,GP4,False,GP3,4.408672718170666,True,SIM,False,GP6,1.102576336054085,True,SIM,False,GP4,False,True,SIM,False,GP2
34.80388554887555,60,Walking,73.0,94.0,20.49,264,False,GP4,False,GP4,False,GP3,4.672567023905491,True,SIM,False,GP6,1.1694153727208596,True,SIM,False,GP4,False,True,SIM,False,GP2
34.806101091071,60,Walking,73.0,94.0,20.67180360721446,265,False,GP4,False,GP4,False,GP3,4.543140449093358,True,SIM,False,GP6,1.2582695276364686,True,SIM,False,GP4,False,True,SIM,False,GP2
35.082743264306366,60,Walking,73.0,94.0,20.77,266,False,GP4,False,GP4,False,GP3,4.311199555538896,True,SIM,False,GP6,1.2275296859030318,True,SIM,False,GP4,False,True,SIM,False,GP2
34.993130705856146,61,Walking,73.0,94.0,20.77,267,False,GP4,False,GP4,False,GP3,4.389087158992398,True,SIM,False,GP6,1.20020503992517,True,SIM,False,GP4,False,True,SIM,False,GP2
35.37507236695617,61,Walking,73.0,94.0,20.77,268,False,GP4,False,GP4,False,GP3,4.590042209030395,True,SIM,False,GP6,1.2218432897541136,True,SIM,False,GP4,False,True,SIM,False,GP2
34.84564684925406,61,Walking,73.0,94.0,20.77,269,False,GP4,False,GP4,False,GP3,4.477786564918621,True,SIM,False,GP6,1.312575512404225,True,SIM,False,GP4,False,True,SIM,False,GP2
34.968681808060545,62,Walking,73.0,94.0,20.77,270,False,GP4,False,GP4,False,GP3,4.452997221240463,True,SIM,False,GP6,1.2837460809450951,True,SIM,False,GP4,False,True,SIM,False,GP2
34.94219550211534,62,Walking,73.0,94.0,20.77,271,False,GP4,False,GP4,False,GP3,4.765680643334975,True,SIM,False,GP6,1.2474954737298904,True,SIM,False,GP4,False,True,SIM,False,GP2
34.527109775105714,63,Walking,73.0,94.0,20.77,272,False,GP4,False,GP4,False,GP3,4.706729760325813,True,SIM,False,GP6,1.28844728757008,True,SIM,False,GP4,False,True,SIM,False,GP2
34.41382765531062,63,Walking,73.0,94.0,20.77,273,False,GP4,False,GP4,False,GP3,4.505094667883139,True,SIM,False,GP6,1.20227079242124,True,SIM,False,GP4,False,True,SIM,False,GP2
34.75,64,Walking,73.0,94.0,20.77,274,False,GP4,False,GP4,False,GP3,4.621460928356905,True,SIM,False,GP6,1.1746566914173704,True,SIM,False,GP4,False,True,SIM,False,GP2
34.75,64,Walking,73.0,94.0,20.77,275,False,GP4,False,GP4,False,GP3,4.431187608632275,True,SIM,False,GP6,1.2195266752857516,True,SIM,False,GP4,False,True,SIM,False,GP2
33.18675128033847,64,Walking,73.0,94.0,19.78,276,False,GP4,False,GP4,False,GP3,4.539359695680834,True,SIM,False,GP6,1.2173265624658802,True,SIM,False,GP4,False,True,SIM,False,GP2
34.41111111111111,65,Walking,73.0,94.0,19.78,277,False,GP4,False,GP4,False,GP3,4.374085946115922,True,SIM,False,GP6,1.2077083539367854,True,SIM,False,GP4,False,True,SIM,False,GP2
28.000000000000004,65,Walking,73.02805611222445,94.0,19.78,278,False,GP4,False,GP4,False,GP3,4.406777822572612,True,SIM,False,GP6,1.181386637334653,True,SIM,False,GP4,False,True,SIM,False,GP2
27.90967490536628,66,Walking,73.06412825651303,94.0,19.78,279,False,GP4,False,GP4,False,GP3,4.421829438695922,True,SIM,False,GP6,1.2238434217190304,True,SIM,False,GP4,False,True,SIM,False,GP2
27.809162769984393,66,Walking,73.10020040080161,94.0,19.78,280,False,GP4,False,GP4,False,GP3,4.473424298335016,True,SIM,False,GP6,1.266794884447314,True,SIM,False,GP4,False,True,SIM,False,GP2
27.091761300378522,67,Walking,73.13627254509018,94.0,19.78,281,False,GP4,False,GP4,False,GP3,4.694860543038504,True,SIM,False,GP6,1.24521907738837,True,SIM,False,GP4,False,True,SIM,False,GP2
27.11874860832778,67,Walking,73.17234468937876,94.0,19.78,282,False,GP4,False,GP4,False,GP3,4.570206268566336,True,SIM,False,GP6,1.1989982757483146,True,SIM,False,GP4,False,True,SIM,False,GP2
27.401002004008053,68,Walking,73.20841683366734,94.0,19.78,283,False,GP4,False,GP4,False,GP3,4.488850408167206,True,SIM,False,GP6,1.2403198039584291,True,SIM,False,GP4,False,True,SIM,False,GP2
28.000000000000004,68,Walking,73.24448897795591,94.0,19.78,284,False,GP4,False,GP4,False,GP3,4.54033455814218,True,SIM,False,GP6,1.21686704673033,True,SIM,False,GP4,False,True,SIM,False,GP2
27.169249610331757,68,Walking,73.28056112224449,94.0,19.78,285,False,GP4,False,GP4,False,GP3,4.641832951448072,True,SIM,False,GP6,1.2362553216855932,True,SIM,False,GP4,False,True,SIM,False,GP2
27.489289690492097,69,Walking,73.31663326653307,94.0,20.64,286,False,GP4,False,GP4,False,GP3,4.451302155197872,True,SIM,False,GP6,1.2093349582705826,True,SIM,False,GP4,False,True,SIM,False,GP2
27.322222222222226,69,Walking,73.35270541082164,94.0,20.64,287,False,GP4,False,GP4,False,GP3,4.553235553674382,True,SIM,False,GP6,1.129658123788498,True,SIM,False,GP4,False,True,SIM,False,GP2
27.048341126697842,70,Walking,73.38877755511022,94.0,20.64,288,False,GP4,False,GP4,False,GP3,4.5016172000059544,True,SIM,False,GP6,1.1927775449818248,True,SIM,False,GP4,False,True,SIM,False,GP2
27.39841906034294,70,Walking,73.4248496993988,94.0,20.64,289,False,GP4,False,GP4,False,GP3,4.6165165625261935,True,SIM,False,GP6,1.313939457836145,True,SIM,False,GP4,False,True,SIM,False,GP2
27.45669116009797,71,Walking,73.46092184368737,94.0,20.64,290,False,GP4,False,GP4,False,GP3,4.541287965725094,True,SIM,False,GP6,1.1869598872113445,True,SIM,False,GP4,False,True,SIM,False,GP2
27.447183255399715,71,Walking,73.49699398797596,94.0,20.64,291,False,GP4,False,GP4,False,GP3,4.528039971905074,True,SIM,False,GP6,1.1420824697098926,True,SIM,False,GP4,False,True,SIM,False,GP2
31.23973502560664,71,Walking,73.53306613226454,94.0,20.64,292,False,GP4,False,GP4,False,GP3,4.429025536710633,True,SIM,False,GP6,1.1858273026956905,True,SIM,False,GP4,False,True,SIM,False,GP2
27.069049209530164,72,Walking,73.5691382765531,94.0,20.64,293,False,GP4,False,GP4,False,GP3,4.532058848960918,True,SIM,False,GP6,1.2003955197502278,True,SIM,False,GP4,False,True,SIM,False,GP2
34.71808060565578,72,Walking,73.60521042084169,94.0,20.64,294,False,GP4,False,GP4,False,GP3,4.3864964441087055,True,SIM,False,GP6,1.2712832049872662,True,SIM,False,GP4,False,True,SIM,False,GP2
35.986584279670446,73,Walking,73.64128256513027,94.0,20.64,295,False,GP4,False,GP4,False,GP3,4.409467534669823,True,SIM,False,GP6,1.1591590897602195,True,SIM,False,GP4,False,True,SIM,False,GP2
37.66460699176134,73,Walking,73.67735470941884,94.0,20.64,296,False,GP4,False,GP4,False,GP3,4.3617004131835895,True,SIM,False,GP6,1.2127924393403013,True,SIM,False,GP4,False,True,SIM,False,GP2
37.7583277666444,74,Walking,73.71342685370742,94.0,19.35,297,False,GP4,False,GP4,False,GP3,4.536776629311909,True,SIM,False,GP6,1.2095644356953912,True,SIM,False,GP4,False,True,SIM,False,GP2
37.68633934535736,74,Walking,73.749498997996,94.0,19.35,298,False,GP4,False,GP4,False,GP3,4.40517269269534,True,SIM,False,GP6,1.2144984473659959,True,SIM,False,GP4,False,True,SIM,False,GP2
37.449999999999996,74,Walking,73.78557114228457,94.0,19.35,299,False,GP4,False,GP4,False,GP3,4.5017801556189045,True,SIM,False,GP6,1.2111568034676534,True,SIM,False,GP4,False,True,SIM,False,GP2
37.449999999999996,75,Walking,73.82164328657315,94.0,19.35,300,False,GP4,False,GP4,False,GP3,4.233615565974177,True,SIM,False,GP6,1.2779775510294427,True,SIM,False,GP4,False,True,SIM,False,GP2
37.449999999999996,75,Walking,73.85771543086173,94.0,19.35,301,False,GP4,False,GP4,False,GP3,4.340818613193304,True,SIM,False,GP6,1.1975268388815699,True,SIM,False,GP4,False,True,SIM,False,GP2
37.634045869516854,76,Walking,73.8937875751503,94.0,19.35,302,False,GP4,False,GP4,False,GP3,4.496827659188835,True,SIM,False,GP6,1.2221309526711233,True,SIM,False,GP4,False,True,SIM,False,GP2
37.449999999999996,76,Walking,73.92985971943888,94.0,19.35,303,False,GP4,False,GP4,False,GP3,4.517955291841617,True,SIM,False,GP6,1.2319033533575103,True,SIM,False,GP4,False,True,SIM,False,GP2
37.30670229347583,77,Walking,73.96593186372746,94.0,19.35,304,False,GP4,False,GP4,False,GP3,4.3306482622824,True,SIM,False,GP6,1.185991317944527,True,SIM,False,GP4,False,True,SIM,False,GP2
37.449999999999996,77,Walking,74.00200400801603,94.0,19.35,305,False,GP4,False,GP4,False,GP3,4.680455629601231,True,SIM,False,GP6,1.2034575303691846,True,SIM,False,GP4,False,True,SIM,False,GP2
36.77222222222222,78,Walking,74.03807615230461,94.0,19.35,306,False,GP4,False,GP4,False,GP3,4.4987953862422225,True,SIM,False,GP6,1.1922328373441906,True,SIM,False,GP4,False,True,SIM,False,GP2
37.18377866844802,78,Walking,74.0741482965932,94.0,20.45,307,False,GP4,False,GP4,False,GP3,4.567969886653937,True,SIM,False,GP6,1.1950211081399973,True,SIM,False,GP4,False,True,SIM,False,GP2
37.255767089735016,79,Walking,74.11022044088176,94.0,20.45,308,False,GP4,False,GP4,False,GP3,4.46142328616825,True,SIM,False,GP6,1.1911527713935606,True,SIM,False,GP4,False,True,SIM,False,GP2
37.111111111111114,79,Walking,74.14629258517034,94.0,20.45,309,False,GP4,False,GP4,False,GP3,4.706539807108651,True,SIM,False,GP6,1.1529055585033368,True,SIM,False,GP4,False,True,SIM,False,GP2
37.111111111111114,80,Walking,74.18236472945893,94.0,20.45,310,False,GP4,False,GP4,False,GP3,4.54733053665716,True,SIM,False,GP6,1.2565132271383121,True,SIM,False,GP4,False,True,SIM,False,GP2
37.089378757515014,80,Walking,74.21843687374749,94.0,20.45,311,False,GP4,False,GP4,False,GP3,4.488928320588533,True,SIM,False,GP6,1.2171066738421534,True,SIM,False,GP4,False,True,SIM,False,GP2
36.53107325762637,81,Walking,74.25450901803607,94.0,20.45,312,False,GP4,False,GP4,False,GP3,4.509001579022854,True,SIM,False,GP6,1.2687386753186871,True,SIM,False,GP4,False,True,SIM,False,GP2
36.4388888888889,81,Walking,74.29058116232466,94.0,20.45,313,False,GP4,False,GP4,False,GP3,4.350787296188833,True,SIM,False,GP6,1.182090016602021,True,SIM,False,GP4,False,True,SIM,False,GP2
36.87341349365397,82,Walking,74.32665330661322,94.0,20.45,314,False,GP4,False,GP4,False,GP3,4.5846283455068875,True,SIM,False,GP6,1.2360583677763368,True,SIM,False,GP4,False,True,SIM,False,GP2
36.74349810732574,82,Walking,74.3627254509018,94.0,20.45,315,False,GP4,False,GP4,False,GP3,4.66710452688923,True,SIM,False,GP6,1.1440085342212227,True,SIM,False,GP4,False,True,SIM,False,GP2
36.77222222222222,83,Walking,74.39879759519039,94.0,20.45,316,False,GP4,False,GP4,False,GP3,4.4753206287887695,True,SIM,False,GP6,1.1957721352284858,True,SIM,False,GP4,False,True,SIM,False,GP2
36.659329770652434,83,Walking,74.43486973947896,94.0,20.45,317,False,GP4,False,GP4,False,GP3,4.466704867633051,True,SIM,False,GP6,1.2188518488672448,True,SIM,False,GP4,False,True,SIM,False,GP2
36.4388888888889,84,Walking,74.47094188376754,94.0,18.58,318,False,GP4,False,GP4,False,GP3,4.568686094009706,True,SIM,False,GP6,1.2112399865908838,True,SIM,False,GP4,False,True,SIM,False,GP2
36.180138053885564,84,Walking,74.50701402805612,94.0,18.58,319,False,GP4,False,GP4,False,GP3,4.422919193405299,True,SIM,False,GP6,1.2166474834527414,True,SIM,False,GP4,False,True,SIM,False,GP2
35.76926074370964,85,Walking,74.54308617234469,94.0,18.58,320,False,GP4,False,GP4,False,GP3,4.616643104610973,True,SIM,False,GP6,1.1194402174188014,True,SIM,False,GP4,False,True,SIM,False,GP2
35.82494989979959,85,Walking,74.57915831663327,94.0,18.58,321,False,GP4,False,GP4,False,GP3,4.595299695875093,True,SIM,False,GP6,1.212557193524396,True,SIM,False,GP4,False,True,SIM,False,GP2
36.032765531062154,85,Walking,74.61523046092185,94.0,18.58,322,False,GP4,False,GP4,False,GP3,4.45782072838453,True,SIM,False,GP6,1.2283863013329903,True,SIM,False,GP4,False,True,SIM,False,GP2
35.837853484747264,86,Walking,74.65130260521042,94.0,18.58,323,False,GP4,False,GP4,False,GP3,4.397555751265068,True,SIM,False,GP6,1.1736698722408112,True,SIM,False,GP4,False,True,SIM,False,GP2
35.879280783789774,86,Walking,74.687374749499,94.0,18.58,324,False,GP4,False,GP4,False,GP3,4.611211221748161,True,SIM,False,GP6,1.0899476888592332,True,SIM,False,GP4,False,True,SIM,False,GP2
36.425985303941225,87,Walking,74.72344689378758,94.0,18.58,325,False,GP4,False,GP4,False,GP3,4.5857079085234345,True,SIM,False,GP6,1.2214466186251691,True,SIM,False,GP4,False,True,SIM,False,GP2
36.4388888888889,87,Walking,74.75951903807615,94.0,18.58,326,False,GP4,False,GP4,False,GP3,4.244286802741361,True,SIM,False,GP6,1.152490003977075,True,SIM,False,GP4,False,True,SIM,False,GP2
36.14727232242263,88,Walking,74.79559118236473,94.0,18.58,327,False,GP4,False,GP4,False,GP3,4.536016259003795,True,SIM,False,GP6,1.1888144842449793,True,SIM,False,GP4,False,True,SIM,False,GP2
35.87113115119129,88,Walking,74.83166332665331,94.0,18.58,328,False,GP4,False,GP4,False,GP3,4.515821233505859,True,SIM,False,GP6,1.1397260529342288,True,SIM,False,GP4,False,True,SIM,False,GP2
36.32479403250947,88,Walking,74.86773547094188,94.0,18.572104208416828,329,False,GP4,False,GP4,False,GP3,4.500108392412379,True,SIM,False,GP6,1.2049697326061215,True,SIM,False,GP4,False,True,SIM,False,GP2
36.03208639501228,89,Walking,74.90380761523046,94.0,18.56,330,False,GP4,False,GP4,False,GP3,4.543334516180844,True,SIM,False,GP6,1.1836268924668516,True,SIM,False,GP4,False,True,SIM,False,GP2
36.077209975506584,89,Walking,74.93987975951904,94.0,18.56,331,False,GP4,False,GP4,False,GP3,4.471946327226914,True,SIM,False,GP6,1.1390106536674633,True,SIM,False,GP4,False,True,SIM,False,GP2
35.77808951235802,90,Walking,74.97595190380761,94.0,18.56,332,False,GP4,False,GP4,False,GP3,4.470295670474269,True,SIM,False,GP6,1.189735166380874,True,SIM,False,GP4,False,True,SIM,False,GP2
36.34992206635494,90,Walking,75.0120240480962,94.0,18.56,333,False,GP4,False,GP4,False,GP3,4.535421136495165,True,SIM,False,GP6,1.1772352015364802,True,SIM,False,GP4,False,True,SIM,False,GP2
36.1,91,Walking,75.04809619238478,94.0,18.56,334,False,GP4,False,GP4,False,GP3,4.489252949644257,True,SIM,False,GP6,1.2157516775685728,True,SIM,False,GP4,False,True,SIM,False,GP2
36.044989979959915,91,Walking,75.08416833667334,94.0,18.56,335,False,GP4,False,GP4,False,GP3,4.609643368080244,True,SIM,False,GP6,1.1528299373963629,True,SIM,False,GP4,False,True,SIM,False,GP2
35.76111111111111,92,Walking,75.12024048096193,94.0,18.56,336,False,GP4,False,GP4,False,GP3,4.602414943455013,True,SIM,False,GP6,1.2182284802265295,True,SIM,False,GP4,False,True,SIM,False,GP2
35.76111111111111,92,Walking,75.15631262525051,94.0,18.56,337,False,GP4,False,GP4,False,GP3,4.454672006075083,True,SIM,False,GP6,1.1743493900608013,True,SIM,False,GP4,False,True,SIM,False,GP2
35.82902471609887,93,Walking,75.19238476953907,94.0,18.56,338,False,GP4,False,GP4,False,GP3,4.501387986351402,True,SIM,False,GP6,1.2000641406032957,True,SIM,False,GP4,False,True,SIM,False,GP2
35.76111111111111,93,Walking,75.22845691382766,94.0,18.56,339,False,GP4,False,GP4,False,GP3,4.602226882877474,True,SIM,False,GP6,1.192451368310098,True,SIM,False,GP4,False,True,SIM,False,GP2
35.76111111111111,94,Walking,75.26452905811624,94.0,20.31,340,False,GP4,False,GP4,False,GP3,4.523787002640069,True,SIM,False,GP6,1.186169746331924,True,SIM,False,GP4,False,True,SIM,False,GP2
35.23451347138723,95,Walking,75.3006012024048,94.0,20.31,341,False,GP4,False,GP4,False,GP3,4.588908937597337,True,SIM,False,GP6,1.1837538706023587,True,SIM,False,GP4,False,True,SIM,False,GP2
35.87995991983968,95,Walking,75.33667334669339,94.0,20.31,342,False,GP4,False,GP4,False,GP3,4.6509110802091245,True,SIM,False,GP6,1.1902512956379514,True,SIM,False,GP4,False,True,SIM,False,GP2
35.80797149855268,95,Walking,75.37274549098197,94.0,20.31,343,False,GP4,False,GP4,False,GP3,4.362270380245229,True,SIM,False,GP6,1.2597464501348488,True,SIM,False,GP4,False,True,SIM,False,GP2
35.99989979959919,96,Walking,75.40881763527054,94.0,20.31,344,False,GP4,False,GP4,False,GP3,4.572668781675806,True,SIM,False,GP6,1.2029170810700953,True,SIM,False,GP4,False,True,SIM,False,GP2
35.76111111111111,96,Walking,75.44488977955912,94.0,20.31,345,False,GP4,False,GP4,False,GP3,4.462661745411106,True,SIM,False,GP6,1.2524620227147116,True,SIM,False,GP4,False,True,SIM,False,GP2
35.76111111111111,97,Walking,75.4809619238477,94.0,20.31,346,False,GP4,False,GP4,False,GP3,4.432109497906551,True,SIM,False,GP6,1.2692364143532582,True,SIM,False,GP4,False,True,SIM,False,GP2
35.08888888888888,97,Walking,75.51703406813627,94.0,20.31,347,False,GP4,False,GP4,False,GP3,4.423404066764545,True,SIM,False,GP6,1.2165173212854123,True,SIM,False,GP4,False,True,SIM,False,GP2
35.99719438877759,98,Walking,75.55310621242485,94.0,20.31,348,False,GP4,False,GP4,False,GP3,4.459477793896471,True,SIM,False,GP6,1.2163339854141102,True,SIM,False,GP4,False,True,SIM,False,GP2
36.1,98,Walking,75.58917835671343,94.0,20.31,349,False,GP4,False,GP4,False,GP3,4.404309818139098,True,SIM,False,GP6,1.1062005125095917,True,SIM,False,GP4,False,True,SIM,False,GP2
35.54039189490093,99,Walking,75.625250501002,94.0,20.51,350,False,GP4,False,GP4,False,GP3,4.605014233299009,True,SIM,False,GP6,1.2298941030368395,True,SIM,False,GP4,False,True,SIM,False,GP2
35.76111111111111,99,Walking,75.66132264529058,94.0,20.51,351,False,GP4,False,GP4,False,GP3,4.462889858267534,True,SIM,False,GP6,1.2016167210215876,True,SIM,False,GP4,False,True,SIM,False,GP2
35.76111111111111,99,Walking,75.69739478957916,94.0,20.51,352,False,GP4,False,GP4,False,GP3,4.487611440488603,True,SIM,False,GP6,1.2494855960255398,True,SIM,False,GP4,False,True,SIM,False,GP2
35.08888888888888,100,Walking,75.73346693386773,94.0,20.51,353,False,GP4,False,GP4,False,GP3,4.435334261934003,True,SIM,False,GP6,1.1994249701391995,True,SIM,False,GP4,False,True,SIM,False,GP2
35.28885548875526,101,Walking,75.76953907815631,94.0,20.51,354,False,GP4,False,GP4,False,GP3,4.483438385183282,True,SIM,False,GP6,1.1761370389001855,True,SIM,False,GP4,False,True,SIM,False,GP2
34.949665998663995,101,Walking,75.8056112224449,94.0,20.51,355,False,GP4,False,GP4,False,GP3,4.418746111482516,True,SIM,False,GP6,1.2550785865002476,True,SIM,False,GP4,False,True,SIM,False,GP2
35.29397684257387,102,Walking,75.84168336673346,94.0,20.51,356,False,GP4,False,GP4,False,GP3,4.422410778082191,True,SIM,False,GP6,1.1859514231269908,True,SIM,False,GP4,False,True,SIM,False,GP2
36.383199732798936,102,Walking,75.87775551102204,94.0,20.51,357,False,GP4,False,GP4,False,GP3,4.52981584043311,True,SIM,False,GP6,1.1955455628339944,True,SIM,False,GP4,False,True,SIM,False,GP2
36.11629926519704,103,Walking,75.91382765531063,94.0,20.51,358,False,GP4,False,GP4,False,GP3,4.515288725712865,True,SIM,False,GP6,1.1580990819435286,True,SIM,False,GP4,False,True,SIM,False,GP2
36.35060120240481,103,Walking,75.9498997995992,94.0,20.51,359,False,GP4,False,GP4,False,GP3,4.439897741674198,True,SIM,False,GP6,1.2619912578536399,True,SIM,False,GP4,False,True,SIM,False,GP2
36.118336673346725,104,Walking,75.98597194388778,94.0,20.36,360,False,GP4,False,GP4,False,GP3,4.58205934405124,True,SIM,False,GP6,1.1346257678096439,True,SIM,False,GP4,False,True,SIM,False,GP2
36.1,104,Walking,76.02204408817636,94.0,20.36,361,False,GP4,False,GP4,False,GP3,4.626195958190272,True,SIM,False,GP6,1.1552139445328384,True,SIM,False,GP4,False,True,SIM,False,GP2
36.1,105,Walking,76.05811623246493,94.0,20.36,362,False,GP4,False,GP4,False,GP3,4.465367325886108,True,SIM,False,GP6,1.2192098194590104,True,SIM,False,GP4,False,True,SIM,False,GP2
36.137352482743275,105,Walking,76.09418837675351,94.0,20.36,363,False,GP4,False,GP4,False,GP3,4.382413426887962,True,SIM,False,GP6,1.2226961566199483,True,SIM,False,GP4,False,True,SIM,False,GP2
36.110866176798076,106,Walking,76.13026052104209,94.0,20.36,364,False,GP4,False,GP4,False,GP3,4.523133347602484,True,SIM,False,GP6,1.2310411359497768,True,SIM,False,GP4,False,True,SIM,False,GP2
36.4388888888889,106,Walking,76.16633266533066,94.0,20.36,365,False,GP4,False,GP4,False,GP3,4.433550493859687,True,SIM,False,GP6,1.0740290200456655,True,SIM,False,GP4,False,True,SIM,False,GP2
36.18557114228458,106,Walking,76.20240480961924,94.0,20.36,366,False,GP4,False,GP4,False,GP3,4.547473397189077,True,SIM,False,GP6,1.1608048222218168,True,SIM,False,GP4,False,True,SIM,False,GP2
36.411723446893824,107,Walking,76.23847695390782,94.0,20.36,367,False,GP4,False,GP4,False,GP3,4.373663760033351,True,SIM,False,GP6,1.1115070421298208,True,SIM,False,GP4,False,True,SIM,False,GP2
36.158405700289464,107,Walking,76.27454909819639,94.0,20.36,368,False,GP4,False,GP4,False,GP3,4.768649274303519,True,SIM,False,GP6,1.131176586648611,True,SIM,False,GP4,False,True,SIM,False,GP2
35.422222222222224,108,Walking,76.31062124248497,94.0,20.36,369,False,GP4,False,GP4,False,GP3,4.413709667379334,True,SIM,False,GP6,1.2540609473624915,True,SIM,False,GP4,False,True,SIM,False,GP2
35.963493653974616,108,Walking,76.34669338677355,94.0,20.02,370,False,GP4,False,GP4,False,GP3,4.564474706498226,True,SIM,False,GP6,1.2134728825820935,True,SIM,False,GP4,False,True,SIM,False,GP2
36.4388888888889,109,Walking,76.38276553106212,94.0,20.02,371,False,GP4,False,GP4,False,GP3,4.3817310911769365,True,SIM,False,GP6,1.1707484277160571,True,SIM,False,GP4,False,True,SIM,False,GP2
35.783400133600544,109,Walking,76.4188376753507,94.0,20.02,372,False,GP4,False,GP4,False,GP3,4.630767981206995,True,SIM,False,GP6,1.2020626605338147,True,SIM,False,GP4,False,True,SIM,False,GP2
36.02054108216435,110,Walking,76.45490981963928,94.0,20.02,373,False,GP4,False,GP4,False,GP3,4.428829390376785,True,SIM,False,GP6,1.2037837670022604,True,SIM,False,GP4,False,True,SIM,False,GP2
36.40041193498108,110,Walking,76.49098196392785,94.0,20.02,374,False,GP4,False,GP4,False,GP3,4.559634958858382,True,SIM,False,GP6,1.2441732665730236,True,SIM,False,GP4,False,True,SIM,False,GP2
36.2154531284792,111,Walking,76.52705410821643,94.0,20.02,375,False,GP4,False,GP4,False,GP3,4.471066452227426,True,SIM,False,GP6,1.2065893614165317,True,SIM,False,GP4,False,True,SIM,False,GP2
35.80457581830327,111,Walking,76.56312625250501,94.0,20.02,376,False,GP4,False,GP4,False,GP3,4.619346663529731,True,SIM,False,GP6,1.1609353669115143,True,SIM,False,GP4,False,True,SIM,False,GP2
36.71564239590293,112,Walking,76.59919839679358,94.0,20.02,377,False,GP4,False,GP4,False,GP3,4.469847463088288,True,SIM,False,GP6,1.2287021634633197,True,SIM,False,GP4,False,True,SIM,False,GP2
35.62324649298599,113,Walking,76.63527054108216,94.0,20.02,378,False,GP4,False,GP4,False,GP3,4.483513353668733,True,SIM,False,GP6,1.0541353181274817,True,SIM,False,GP4,False,True,SIM,False,GP2
35.76722333556,113,Walking,76.67134268537075,94.0,20.02,379,False,GP4,False,GP4,False,GP3,4.553026477434843,True,SIM,False,GP6,1.237296182509709,True,SIM,False,GP4,False,True,SIM,False,GP2
36.1,114,Walking,76.70741482965931,94.0,20.49,380,False,GP4,False,GP4,False,GP3,4.456942923708899,True,SIM,False,GP6,1.1716525602799188,True,SIM,False,GP4,False,True,SIM,False,GP2
36.416477399242936,114,Walking,76.7434869739479,94.0,20.49,381,False,GP4,False,GP4,False,GP3,4.418892360438024,True,SIM,False,GP6,1.2520843940389983,True,SIM,False,GP4,False,True,SIM,False,GP2
35.66276998441324,115,Walking,76.77955911823648,94.0,20.49,382,False,GP4,False,GP4,False,GP3,4.592593878587221,True,SIM,False,GP6,1.1183830688856864,True,SIM,False,GP4,False,True,SIM,False,GP2
35.73729681585394,116,Walking,76.81563126252505,94.0,20.49,383,False,GP4,False,GP4,False,GP3,4.54202912999693,True,SIM,False,GP6,1.267316648548066,True,SIM,False,GP4,False,True,SIM,False,GP2
35.906446225784926,116,Walking,76.85170340681363,94.0,20.49,384,False,GP4,False,GP4,False,GP3,4.507221430105638,True,SIM,False,GP6,1.2164557277058763,True,SIM,False,GP4,False,True,SIM,False,GP2
35.56891560899577,117,Walking,76.88777555110221,94.0,20.49,385,False,GP4,False,GP4,False,GP3,4.405845278194517,True,SIM,False,GP6,1.230837013571092,True,SIM,False,GP4,False,True,SIM,False,GP2
35.762469383210885,118,Walking,76.92384769539078,94.0,20.49,386,False,GP4,False,GP4,False,GP3,4.333481643770284,True,SIM,False,GP6,1.1800298613988986,True,SIM,False,GP4,False,True,SIM,False,GP2
36.36825873970163,118,Walking,76.95991983967936,94.0,20.49,387,False,GP4,False,GP4,False,GP3,4.662780755219538,True,SIM,False,GP6,1.087474373952117,True,SIM,False,GP4,False,True,SIM,False,GP2
36.1,119,Walking,76.99599198396794,94.0,20.49,388,False,GP4,False,GP4,False,GP3,4.4718561886047175,True,SIM,False,GP6,1.222333863596,True,SIM,False,GP4,False,True,SIM,False,GP2
35.76111111111111,119,Walking,77.06412825651303,94.0,20.49,389,False,GP4,False,GP4,False,GP3,4.705884374635949,True,SIM,False,GP6,1.1601676334682856,True,SIM,False,GP4,False,True,SIM,False,GP2
36.047706524159416,120,Walking,77.13627254509018,94.0,20.205470941883732,390,False,GP4,False,GP4,False,GP3,4.372278924785335,True,SIM,False,GP6,1.203663320947535,True,SIM,False,GP4,False,True,SIM,False,GP2
35.78080605655757,121,Walking,77.20841683366734,94.0,20.18,391,False,GP4,False,GP4,False,GP3,4.651679817906858,True,SIM,False,GP6,1.1586312438623383,True,SIM,False,GP4,False,True,SIM,False,GP2
35.85279447784457,121,Walking,77.28056112224449,94.0,20.18,392,False,GP4,False,GP4,False,GP3,4.631720508869097,True,SIM,False,GP6,1.1384202630606965,True,SIM,False,GP4,False,True,SIM,False,GP2
35.74956579826322,122,Walking,77.35270541082164,94.0,20.18,393,False,GP4,False,GP4,False,GP3,4.578580495017718,True,SIM,False,GP6,1.1755838805008239,True,SIM,False,GP4,False,True,SIM,False,GP2
36.1,122,Walking,77.4248496993988,94.0,20.18,394,False,GP4,False,GP4,False,GP3,4.49948639084049,True,SIM,False,GP6,1.2338077197027792,True,SIM,False,GP4,False,True,SIM,False,GP2
36.469617011801375,123,Walking,77.49699398797596,94.0,20.18,395,False,GP4,False,GP4,False,GP3,4.442526862506825,True,SIM,False,GP6,1.1989901787841568,True,SIM,False,GP4,False,True,SIM,False,GP2
36.05925183700735,123,Walking,77.5691382765531,94.0,20.18,396,False,GP4,False,GP4,False,GP3,4.5139409689211,True,SIM,False,GP6,1.2406908366172917,True,SIM,False,GP4,False,True,SIM,False,GP2
35.6476953907816,124,Walking,77.64128256513027,94.0,20.18,397,False,GP4,False,GP4,False,GP3,4.406078216614795,True,SIM,False,GP6,1.2425001324267506,True,SIM,False,GP4,False,True,SIM,False,GP2
35.73054998886663,124,Walking,77.71342685370742,94.0,20.18,398,False,GP4,False,GP4,False,GP3,4.569732101992077,True,SIM,False,GP6,1.1959254829404797,True,SIM,False,GP4,False,True,SIM,False,GP2
35.67893564907591,125,Walking,77.78557114228457,94.0,20.18,399,False,GP4,False,GP4,False,GP3,4.300428813890214,True,SIM,False,GP6,1.164161815469922,True,SIM,False,GP4,False,True,SIM,False,GP2
35.422222222222224,126,Walking,77.85771543086173,94.0,20.76,400,False,GP4,False,GP4,False,GP3,4.469275893932291,True,SIM,False,GP6,1.2532762539953493,True,SIM,False,GP4,False,True,SIM,False,GP2
35.76111111111111,126,Walking,77.92985971943888,94.0,20.76,401,False,GP4,False,GP4,False,GP3,4.426698921018417,True,SIM,False,GP6,1.1317752422699114,True,SIM,False,GP4,False,True,SIM,False,GP2
35.156835894010236,127,Walking,78.00200400801603,94.0,20.76,402,False,GP4,False,GP4,False,GP3,4.425761530827571,True,SIM,False,GP6,1.208733190433304,True,SIM,False,GP4,False,True,SIM,False,GP2
35.89422177688712,128,Walking,78.0741482965932,94.0,20.76,403,False,GP4,False,GP4,False,GP3,4.485970932956729,True,SIM,False,GP6,1.2057435342839662,True,SIM,False,GP4,False,True,SIM,False,GP2
35.578746381652216,128,Walking,78.14629258517034,94.0,20.76,404,False,GP4,False,GP4,False,GP3,4.472400446883648,True,SIM,False,GP6,1.230386192449265,True,SIM,False,GP4,False,True,SIM,False,GP2
35.38980182587401,129,Walking,78.21843687374749,94.0,20.76,405,False,GP4,False,GP4,False,GP3,4.355099572303253,True,SIM,False,GP6,1.167475332651751,True,SIM,False,GP4,False,True,SIM,False,GP2
34.75,130,Walking,78.29058116232466,94.0,20.76,406,False,GP4,False,GP4,False,GP3,4.445906214625805,True,SIM,False,GP6,1.1013462734861161,True,SIM,False,GP4,False,True,SIM,False,GP2
35.57706524159429,130,Walking,78.3627254509018,94.0,20.76,407,False,GP4,False,GP4,False,GP3,4.460711995271077,True,SIM,False,GP6,1.211648948671386,True,SIM,False,GP4,False,True,SIM,False,GP2
35.422222222222224,131,Walking,78.43486973947896,94.0,20.76,408,False,GP4,False,GP4,False,GP3,4.399436972254671,True,SIM,False,GP6,1.2092321015765608,True,SIM,False,GP4,False,True,SIM,False,GP2
34.79006902694278,132,Walking,78.50701402805612,94.0,20.76,409,False,GP4,False,GP4,False,GP3,4.474838443774217,True,SIM,False,GP6,1.1618348732940846,True,SIM,False,GP4,False,True,SIM,False,GP2
34.81331551992878,132,Walking,78.57915831663327,94.0,20.5315430861722,410,False,GP4,False,GP4,False,GP3,4.506802913542485,True,SIM,False,GP6,1.2334400748866925,True,SIM,False,GP4,False,True,SIM,False,GP2
34.75,133,Walking,78.65130260521042,94.0,20.19,411,False,GP4,False,GP4,False,GP3,4.408009975077075,True,SIM,False,GP6,1.2188644779291082,True,SIM,False,GP4,False,True,SIM,False,GP2
34.7629035849477,134,Walking,78.72344689378758,94.0,20.19,412,False,GP4,False,GP4,False,GP3,4.4707386523891355,True,SIM,False,GP6,1.0772452395706964,True,SIM,False,GP4,False,True,SIM,False,GP2
34.997884658205294,134,Walking,78.79559118236473,94.0,20.19,413,False,GP4,False,GP4,False,GP3,4.650258220982097,True,SIM,False,GP6,1.2761315795727801,True,SIM,False,GP4,False,True,SIM,False,GP2
35.72339122689821,135,Walking,78.86773547094188,94.0,20.19,414,False,GP4,False,GP4,False,GP3,4.540010689422826,True,SIM,False,GP6,1.2786935712718879,True,SIM,False,GP4,False,True,SIM,False,GP2
35.47519483411267,135,Walking,78.93987975951904,94.0,20.19,415,False,GP4,False,GP4,False,GP3,4.350578845906676,True,SIM,False,GP6,1.2158201579409313,True,SIM,False,GP4,False,True,SIM,False,GP2
35.54718325539967,136,Walking,79.0120240480962,94.0,20.19,416,False,GP4,False,GP4,False,GP3,4.455671388851052,True,SIM,False,GP6,1.2104057621325384,True,SIM,False,GP4,False,True,SIM,False,GP2
35.564161656646625,137,Walking,79.08416833667334,94.0,20.19,417,False,GP4,False,GP4,False,GP3,4.373637227767528,True,SIM,False,GP6,1.1502124923853725,True,SIM,False,GP4,False,True,SIM,False,GP2
34.88875528835451,137,Walking,79.15631262525051,94.0,20.19,418,False,GP4,False,GP4,False,GP3,4.655195035593362,True,SIM,False,GP6,1.1647543838857957,True,SIM,False,GP4,False,True,SIM,False,GP2
35.42021821420619,138,Walking,79.22845691382766,94.0,20.19,419,False,GP4,False,GP4,False,GP3,4.576194353862893,True,SIM,False,GP6,1.2805129920729483,True,SIM,False,GP4,False,True,SIM,False,GP2
35.422222222222224,139,Walking,79.3006012024048,94.0,20.19,420,False,GP4,False,GP4,False,GP3,4.50718537478259,True,SIM,False,GP6,1.2386936742818853,True,SIM,False,GP4,False,True,SIM,False,GP2
34.36741260298377,139,Walking,79.37274549098197,94.0,20.03,421,False,GP4,False,GP4,False,GP3,4.381123323396252,True,SIM,False,GP6,1.218349519394372,True,SIM,False,GP4,False,True,SIM,False,GP2
34.75,140,Walking,79.44488977955912,94.0,20.03,422,False,GP4,False,GP4,False,GP3,4.559412812833766,True,SIM,False,GP6,1.1563921926208496,True,SIM,False,GP4,False,True,SIM,False,GP2
35.039991093297715,141,Walking,79.51703406813627,94.0,20.03,423,False,GP4,False,GP4,False,GP3,4.601963510871161,True,SIM,False,GP6,1.2406255347331736,True,SIM,False,GP4,False,True,SIM,False,GP2
35.08888888888888,141,Walking,79.58917835671343,94.0,20.03,424,False,GP4,False,GP4,False,GP3,4.439020436171068,True,SIM,False,GP6,1.1888943053901848,True,SIM,False,GP4,False,True,SIM,False,GP2
34.89873079492315,142,Walking,79.66132264529058,94.0,20.03,425,False,GP4,False,GP4,False,GP3,4.561840165020981,True,SIM,False,GP6,1.1990475968242171,True,SIM,False,GP4,False,True,SIM,False,GP2
34.58293253173013,143,Walking,79.73346693386773,94.0,20.03,426,False,GP4,False,GP4,False,GP3,4.5918240154367185,True,SIM,False,GP6,1.1341687604069923,True,SIM,False,GP4,False,True,SIM,False,GP2
35.08888888888888,143,Walking,79.8056112224449,94.0,20.03,427,False,GP4,False,GP4,False,GP3,4.381965369456456,True,SIM,False,GP6,1.1921075386362956,True,SIM,False,GP4,False,True,SIM,False,GP2
35.061044310843904,144,Walking,79.87775551102204,94.0,20.03,428,False,GP4,False,GP4,False,GP3,4.517440348986985,True,SIM,False,GP6,1.1964017598347265,True,SIM,False,GP4,False,True,SIM,False,GP2
34.6624359830773,145,Walking,79.9498997995992,94.0,20.03,429,False,GP4,False,GP4,False,GP3,4.313988516713301,True,SIM,False,GP6,1.2459509161643656,True,SIM,False,GP4,False,True,SIM,False,GP2
33.84551324871966,145,Walking,80.02204408817636,94.0,20.03,430,False,GP4,False,GP4,False,GP3,4.541853982173326,True,SIM,False,GP6,1.251751472300131,True,SIM,False,GP4,False,True,SIM,False,GP2
33.927009574704954,146,Walking,80.09418837675351,94.0,20.31,431,False,GP4,False,GP4,False,GP3,4.5293162678012004,True,SIM,False,GP6,1.1647802037071497,True,SIM,False,GP4,False,True,SIM,False,GP2
35.0101091071031,146,Walking,80.16633266533066,94.0,20.31,432,False,GP4,False,GP4,False,GP3,4.5283239390079695,True,SIM,False,GP6,1.1711883710219977,True,SIM,False,GP4,False,True,SIM,False,GP2
34.75679136049879,147,Walking,80.23847695390782,94.0,20.31,433,False,GP4,False,GP4,False,GP3,4.661894575082179,True,SIM,False,GP6,1.217991817763571,True,SIM,False,GP4,False,True,SIM,False,GP2
33.20547762191047,148,Walking,80.31062124248497,94.0,20.31,434,False,GP4,False,GP4,False,GP3,4.40820106708034,True,SIM,False,GP6,1.1715825849932522,True,SIM,False,GP4,False,True,SIM,False,GP2
33.94649298597191,148,Walking,80.38276553106212,94.0,20.31,435,False,GP4,False,GP4,False,GP3,4.635976612706721,True,SIM,False,GP6,1.2807799455648936,True,SIM,False,GP4,False,True,SIM,False,GP2
35.29463371186819,149,Walking,80.45490981963928,94.0,20.31,436,False,GP4,False,GP4,False,GP3,4.507463943167296,True,SIM,False,GP6,1.20212078829978,True,SIM,False,GP4,False,True,SIM,False,GP2
35.422222222222224,150,Walking,80.52705410821643,94.0,20.31,437,False,GP4,False,GP4,False,GP3,4.540832417974637,True,SIM,False,GP6,1.2089183131515127,True,SIM,False,GP4,False,True,SIM,False,GP2
35.117178802048564,150,Walking,80.59919839679358,94.0,23.29,438,False,GP4,False,GP4,False,GP3,4.501211901499293,True,SIM,False,GP6,1.1603119398057435,True,SIM,False,GP4,False,True,SIM,False,GP2
35.337385882876866,151,Walking,80.67134268537075,94.0,23.29,439,False,GP4,False,GP4,False,GP3,4.705903150611799,True,SIM,False,GP6,1.1947190685005704,True,SIM,False,GP4,False,True,SIM,False,GP2
34.90823869962148,152,Walking,80.7434869739479,94.0,23.29,440,False,GP4,False,GP4,False,GP3,4.487444186738688,True,SIM,False,GP6,1.153270260961679,True,SIM,False,GP4,False,True,SIM,False,GP2
35.31534179470051,152,Walking,80.81563126252505,94.0,23.94,441,False,GP4,False,GP4,False,GP3,4.5392330534319925,True,SIM,False,GP6,1.1629425773482838,True,SIM,False,GP4,False,True,SIM,False,GP2
34.786673346693405,153,Walking,80.88777555110221,94.0,23.94,442,False,GP4,False,GP4,False,GP3,4.514016798463616,True,SIM,False,GP6,1.2215617867466597,True,SIM,False,GP4,False,True,SIM,False,GP2
34.446426185704745,154,Walking,80.95991983967936,94.0,23.94,443,False,GP4,False,GP4,False,GP3,4.497990969311685,True,SIM,False,GP6,1.1291032237139353,True,SIM,False,GP4,False,True,SIM,False,GP2
34.85730349588063,154,Walking,81.0,94.0,23.94,444,False,GP4,False,GP4,False,GP3,4.2942086476605414,True,SIM,False,GP6,1.2158495222040173,True,SIM,False,GP4,False,True,SIM,False,GP2
35.62382542863506,155,Walking,81.0,94.0,23.94,445,False,GP4,False,GP4,False,GP3,4.427288631326219,True,SIM,False,GP6,1.2430244721086134,True,SIM,False,GP4,False,True,SIM,False,GP2
35.49972166555329,155,Walking,81.0,94.0,23.94,446,False,GP4,False,GP4,False,GP3,4.486619020422851,True,SIM,False,GP6,1.2593883791597045,True,SIM,False,GP4,False,True,SIM,False,GP2
35.45346248051658,155,Walking,81.0,94.0,23.94,447,False,GP4,False,GP4,False,GP3,4.534198227246169,True,SIM,False,GP6,1.154375917243064,True,SIM,False,GP4,False,True,SIM,False,GP2
34.52384769539076,156,Walking,81.0,94.0,23.94,448,False,GP4,False,GP4,False,GP3,4.427280272836916,True,SIM,False,GP6,1.3130022870135465,True,SIM,False,GP4,False,True,SIM,False,GP2
34.656290358494715,156,Walking,81.0,94.0,23.94,449,False,GP4,False,GP4,False,GP3,4.560851375262028,True,SIM,False,GP6,1.2319333112764725,True,SIM,False,GP4,False,True,SIM,False,GP2
33.122912491649956,157,Walking,81.0,94.0,23.94,450,False,GP4,False,GP4,False,GP3,4.53948838935348,True,SIM,False,GP6,1.2397341642221573,True,SIM,False,GP4,False,True,SIM,False,GP2
35.08888888888888,157,Walking,81.0,94.0,22.89,451,False,GP4,False,GP4,False,GP3,4.696610358622692,True,SIM,False,GP6,1.2709706805743906,True,SIM,False,GP4,False,True,SIM,False,GP2
36.094566911600985,158,Walking,81.0,94.0,22.89,452,False,GP4,False,GP4,False,GP3,4.492023030378472,True,SIM,False,GP6,1.2097724346983108,True,SIM,False,GP4,False,True,SIM,False,GP2
36.4388888888889,158,Walking,81.0,94.0,22.89,453,False,GP4,False,GP4,False,GP3,4.474931799032467,True,SIM,False,GP6,1.1092130279312582,True,SIM,False,GP4,False,True,SIM,False,GP2
36.625261634379875,158,Walking,81.0,94.0,22.89,454,False,GP4,False,GP4,False,GP3,4.5360242136653905,True,SIM,False,GP6,1.1488132499859232,True,SIM,False,GP4,False,True,SIM,False,GP2
36.08641727900251,159,Walking,81.0,94.0,22.89,455,False,GP4,False,GP4,False,GP3,4.632280954866515,True,SIM,False,GP6,1.2227968999831904,True,SIM,False,GP4,False,True,SIM,False,GP2
35.422222222222224,159,Walking,81.0,94.0,22.89,456,False,GP4,False,GP4,False,GP3,4.502824536130891,True,SIM,False,GP6,1.1953834023207581,True,SIM,False,GP4,False,True,SIM,False,GP2
34.49013582720992,159,Walking,81.0,94.0,22.89,457,False,GP4,False,GP4,False,GP3,4.597885770478822,True,SIM,False,GP6,1.3030184737008115,True,SIM,False,GP4,False,True,SIM,False,GP2
35.14228456913828,160,Walking,81.0,94.0,22.89,458,False,GP4,False,GP4,False,GP3,4.584320405808203,True,SIM,False,GP6,1.127544875250258,True,SIM,False,GP4,False,True,SIM,False,GP2
35.422222222222224,160,Walking,81.0,94.0,22.89,459,False,GP4,False,GP4,False,GP3,4.468265088665106,True,SIM,False,GP6,1.2329017864129777,True,SIM,False,GP4,False,True,SIM,False,GP2
35.907125361834794,160,Walking,81.0,94.0,22.89,460,False,GP4,False,GP4,False,GP3,4.570996193461649,True,SIM,False,GP6,1.1169296476657782,True,SIM,False,GP4,False,True,SIM,False,GP2
36.0755511022044,161,Walking,81.0,94.0,22.822525050100303,461,False,GP4,False,GP4,False,GP3,4.629379590035984,True,SIM,False,GP6,1.2268084202188314,True,SIM,False,GP4,False,True,SIM,False,GP2
35.91062124248494,161,Walking,81.0,94.0,22.52,462,False,GP4,False,GP4,False,GP3,4.547379352491026,True,SIM,False,GP6,1.2823816058261202,True,SIM,False,GP4,False,True,SIM,False,GP2
35.88063905588959,161,Walking,81.0,94.0,22.52,463,False,GP4,False,GP4,False,GP3,4.533189839159425,True,SIM,False,GP6,1.23686390313399,True,SIM,False,GP4,False,True,SIM,False,GP2
35.76111111111111,161,Walking,81.0,94.0,18.5,464,False,GP4,False,GP4,False,GP3,4.4552534813910585,True,SIM,False,GP6,1.1749919444048773,True,SIM,False,GP4,False,True,SIM,False,GP2
35.611578712981505,162,Walking,81.0,94.0,18.5,465,False,GP4,False,GP4,False,GP3,4.499432166354122,True,SIM,False,GP6,1.2330335706076998,True,SIM,False,GP4,False,True,SIM,False,GP2
35.08888888888888,162,Walking,81.0,94.0,18.5,466,False,GP4,False,GP4,False,GP3,4.5414509537393215,True,SIM,False,GP6,1.2236155819792756,True,SIM,False,GP4,False,True,SIM,False,GP2
34.343642841238,162,Walking,81.0,94.0,18.5,467,False,GP4,False,GP4,False,GP3,4.609267648406334,True,SIM,False,GP6,1.2746896230400289,True,SIM,False,GP4,False,True,SIM,False,GP2
35.16943887775556,162,Walking,81.0,94.0,18.5,468,False,GP4,False,GP4,False,GP3,4.409996445884359,True,SIM,False,GP6,1.2546442728961806,True,SIM,False,GP4,False,True,SIM,False,GP2
35.548541527499445,163,Walking,81.0,94.0,18.5,469,False,GP4,False,GP4,False,GP3,4.431698205926248,True,SIM,False,GP6,1.2439863041808035,True,SIM,False,GP4,False,True,SIM,False,GP2
35.31445112447113,163,Walking,81.0,94.0,18.5,470,False,GP4,False,GP4,False,GP3,4.428252882337509,True,SIM,False,GP6,1.2266441958519543,True,SIM,False,GP4,False,True,SIM,False,GP2
35.743453573814335,163,Walking,81.0,94.0,19.44232464929839,471,False,GP4,False,GP4,False,GP3,4.441015015204206,True,SIM,False,GP6,1.1716067233407732,True,SIM,False,GP4,False,True,SIM,False,GP2
34.75,163,Walking,81.0,94.0,19.52,472,False,GP4,False,GP4,False,GP3,4.513389562121728,True,SIM,False,GP6,1.2543852625851768,True,SIM,False,GP4,False,True,SIM,False,GP2
34.92725450901803,164,Walking,81.0,94.0,19.52,473,False,GP4,False,GP4,False,GP3,4.66208260988162,True,SIM,False,GP6,1.2332457653798876,True,SIM,False,GP4,False,True,SIM,False,GP2
34.9588065018927,164,Walking,81.0,94.0,19.52,474,False,GP4,False,GP4,False,GP3,4.523192451347073,True,SIM,False,GP6,1.1246641063607994,True,SIM,False,GP4,False,True,SIM,False,GP2
35.35621242484964,164,Walking,81.0,94.0,19.52,475,False,GP4,False,GP4,False,GP3,4.5339210687943385,True,SIM,False,GP6,1.2035559245932614,True,SIM,False,GP4,False,True,SIM,False,GP2
34.75,165,Walking,81.0,94.0,19.52,476,False,GP4,False,GP4,False,GP3,4.602324095186611,True,SIM,False,GP6,1.1809302219484763,True,SIM,False,GP4,False,True,SIM,False,GP2
34.64790692496099,165,Walking,81.0,94.0,19.52,477,False,GP4,False,GP4,False,GP3,4.5356565208962705,True,SIM,False,GP6,1.174562681319803,True,SIM,False,GP4,False,True,SIM,False,GP2
34.75,165,Walking,81.0,94.0,19.52,478,False,GP4,False,GP4,False,GP3,4.45160888011011,True,SIM,False,GP6,1.1614315992567106,True,SIM,False,GP4,False,True,SIM,False,GP2
34.920463148519204,166,Walking,81.0,94.0,21.57,479,False,GP4,False,GP4,False,GP3,4.449208500883167,True,SIM,False,GP6,1.2261323332087142,True,SIM,False,GP4,False,True,SIM,False,GP2
34.75,166,Walking,81.0,94.0,21.57,480,False,GP4,False,GP4,False,GP3,4.540488137088623,True,SIM,False,GP6,1.2573754204629262,True,SIM,False,GP4,False,True,SIM,False,GP2
34.511923847695336,166,Walking,81.0,94.0,21.46,481,False,GP4,False,GP4,False,GP3,4.504315333623084,True,SIM,False,GP6,1.2764298475414977,True,SIM,False,GP4,False,True,SIM,False,GP2
33.585960810509896,166,Walking,81.0,94.0,21.46,482,False,GP4,False,GP4,False,GP3,4.387738037190386,True,SIM,False,GP6,1.172017467221501,True,SIM,False,GP4,False,True,SIM,False,GP2
30.556735693609852,166,Walking,81.0,94.0,21.46,483,False,GP4,False,GP4,False,GP3,4.366219098803862,True,SIM,False,GP6,1.2253985803624619,True,SIM,False,GP4,False,True,SIM,False,GP2
28.000000000000004,166,Walking,81.0,94.0,21.46,484,False,GP4,False,GP4,False,GP3,4.419587303720204,True,SIM,False,GP6,1.3003946037144172,True,SIM,False,GP4,False,True,SIM,False,GP2
27.652282342462687,166,Walking,81.0,94.0,21.46,485,False,GP4,False,GP4,False,GP3,4.497241799756553,True,SIM,False,GP6,1.1777585657563536,True,SIM,False,GP4,False,True,SIM,False,GP2
28.096437319082604,166,Walking,81.0,94.0,21.46,486,False,GP4,False,GP4,False,GP3,4.538481045063701,True,SIM,False,GP6,1.1854225802294598,True,SIM,False,GP4,False,True,SIM,False,GP2
27.597606323758562,166,Walking,81.0,94.0,21.46,487,False,GP4,False,GP4,False,GP3,4.518563041529517,True,SIM,False,GP6,1.2483659615569591,True,SIM,False,GP4,False,True,SIM,False,GP2
27.434791805833825,166,Walking,81.0,94.0,21.46,488,False,GP4,False,GP4,False,GP3,4.666712248365527,True,SIM,False,GP6,1.1141493207402773,True,SIM,False,GP4,False,True,SIM,False,GP2
27.91578712981524,166,Walking,81.0,94.0,21.46,489,False,GP4,False,GP4,False,GP3,4.578650713490052,True,SIM,False,GP6,1.1467168675635386,True,SIM,False,GP4,False,True,SIM,False,GP2
27.91084391004229,166,Walking,81.0,94.0,21.46,490,False,GP4,False,GP4,False,GP3,4.55795812580874,True,SIM,False,GP6,1.2162183637357413,True,SIM,False,GP4,False,True,SIM,False,GP2
27.525963037185463,166,Walking,81.0,94.0,21.46,491,False,GP4,False,GP4,False,GP3,4.563713621448043,True,SIM,False,GP6,1.2252138071529441,True,SIM,False,GP4,False,True,SIM,False,GP2
27.322222222222226,166,Walking,81.0,94.0,21.31,492,False,GP4,False,GP4,False,GP3,4.6435209769794765,True,SIM,False,GP6,1.1683355190442897,True,SIM,False,GP4,False,True,SIM,False,GP2
27.568069472277923,166,Walking,81.0,94.0,21.31,493,False,GP4,False,GP4,False,GP3,4.340401836871336,True,SIM,False,GP6,1.1893844279320382,True,SIM,False,GP4,False,True,SIM,False,GP2
27.30151413938991,166,Walking,81.0,94.0,21.31,494,False,GP4,False,GP4,False,GP3,4.650490932043965,True,SIM,False,GP6,1.1486671105629156,True,SIM,False,GP4,False,True,SIM,False,GP2
27.089924293030492,166,Walking,81.0,94.0,21.31,495,False,GP4,False,GP4,False,GP3,4.540692189079212,True,SIM,False,GP6,1.1107017916948336,True,SIM,False,GP4,False,True,SIM,False,GP2
27.568069472277845,166,Walking,81.0,94.0,21.31,496,False,GP4,False,GP4,False,GP3,4.407569280095023,True,SIM,False,GP6,1.2391718892182149,True,SIM,False,GP4,False,True,SIM,False,GP2
30.236317078602184,166,Walking,81.0,94.0,21.31,497,False,GP4,False,GP4,False,GP3,4.406543260882251,True,SIM,False,GP6,1.2817527932632458,True,SIM,False,GP4,False,True,SIM,False,GP2
27.653117345802467,166,Walking,81.0,94.0,21.31,498,False,GP4,False,GP4,False,GP3,4.353977376292285,True,SIM,False,GP6,1.1369560098396758,True,SIM,False,GP4,False,True,SIM,False,GP2
27.322222222222226,166,Walking,81.0,94.0,21.31,499,False,GP4,False,GP4,False,GP3,4.438826606182693,True,SIM,False,GP6,1.2325173018961229,True,SIM,False,GP4,False,True,SIM,False,GP2
