temperature,steps,posture,heart_rate,breathing_rate,spo2,timestamp,heart_rate_gen,heart_rate_source,spo2_gen,spo2_source,breathing_rate_gen,breathing_rate_source,gsr,gsr_gen,gsr_source,temperature_gen,temperature_source,dehydration_index,dehydration_index_gen,dehydration_index_source,posture_gen,posture_source,fall_detected,fall_detected_gen,fall_detected_source,steps_gen,steps_source
37.111111111111114,0,Resting,0.0,23.17,97.4,0,False,GP4,False,GP3,False,GP3,4.626922665422682,True,SIM,False,GP6,1.1619624295077668,True,SIM,False,GP4,False,True,SIM,False,GP2
37.64491204631485,0,Resting,0.0,23.17,97.4,1,False,GP4,False,GP3,False,GP3,4.601462217349223,True,SIM,False,GP6,1.26379714227396,True,SIM,False,GP4,False,True,SIM,False,GP2
36.91619906479626,0,Resting,0.0,23.17,97.4,2,False,GP4,False,GP3,False,GP3,4.575837150524023,True,SIM,False,GP6,1.23813263939147,True,SIM,False,GP4,False,True,SIM,False,GP2
37.356958361166775,0,Resting,0.0,19.36,97.4,3,False,GP4,False,GP3,False,GP3,4.666391063671192,True,SIM,False,GP6,1.2573868292201344,True,SIM,False,GP4,False,True,SIM,False,GP2
36.82315742596303,0,Resting,0.0,19.36,97.4,4,False,GP4,False,GP3,False,GP3,4.455057595981188,True,SIM,False,GP6,1.1005891299525206,True,SIM,False,GP4,False,True,SIM,False,GP2
37.449999999999996,0,Resting,0.0,19.36,97.4,5,False,GP4,False,GP3,False,GP3,4.701066466940573,True,SIM,False,GP6,1.1150707590106896,True,SIM,False,GP4,False,True,SIM,False,GP2
36.95830549988866,0,Resting,0.0,19.36,97.4,6,False,GP4,False,GP3,False,GP3,4.262421849042818,True,SIM,False,GP6,1.2214208721333129,True,SIM,False,GP4,False,True,SIM,False,GP2
37.449999999999996,0,Resting,0.0,19.36,97.4,7,False,GP4,False,GP3,False,GP3,4.588474322214798,True,SIM,False,GP6,1.1849338546154307,True,SIM,False,GP4,False,True,SIM,False,GP2
37.246259185036735,0,Resting,0.0,19.36,97.4,8,False,GP4,False,GP3,False,GP3,4.510342301682267,True,SIM,False,GP6,1.2196882386802423,True,SIM,False,GP4,False,True,SIM,False,GP2
36.83198619461144,0,Resting,0.0,19.36,97.4,9,False,GP4,False,GP3,False,GP3,4.5214389639408985,True,SIM,False,GP6,1.2168595348686635,True,SIM,False,GP4,False,True,SIM,False,GP2
37.40789356490759,0,Resting,0.0,19.36,97.4,10,False,GP4,False,GP3,False,GP3,4.570518328219078,True,SIM,False,GP6,1.0986582981120043,True,SIM,False,GP4,False,True,SIM,False,GP2
37.449999999999996,0,Resting,0.0,19.36,97.4,11,False,GP4,False,GP3,False,GP3,4.56725118058732,True,SIM,False,GP6,1.2730112409762995,True,SIM,False,GP4,False,True,SIM,False,GP2
37.263916722333555,0,Resting,0.0,19.36,97.4,12,False,GP4,False,GP3,False,GP3,4.457078669912346,True,SIM,False,GP6,1.2039137282735128,True,SIM,False,GP4,False,True,SIM,False,GP2
37.36918281006457,0,Resting,0.0,23.83,97.4,13,False,GP4,False,GP3,False,GP3,4.472584328412344,True,SIM,False,GP6,1.121239648143228,True,SIM,False,GP4,False,True,SIM,False,GP2
37.449999999999996,0,Resting,0.0,23.83,97.4,14,False,GP4,False,GP3,False,GP3,4.6282303981150905,True,SIM,False,GP6,1.1841066733685552,True,SIM,False,GP4,False,True,SIM,False,GP2
37.449999999999996,0,Resting,0.0,23.83,97.4,15,False,GP4,False,GP3,False,GP3,4.4922564111269185,True,SIM,False,GP6,1.2102231040690588,True,SIM,False,GP4,False,True,SIM,False,GP2
37.38140725896237,0,Resting,1.4529058116232452,23.83,97.35191583166333,16,False,GP4,False,GP3,False,GP3,4.4723068691638685,True,SIM,False,GP6,1.1851156850935365,True,SIM,False,GP4,False,True,SIM,False,GP2
37.374615898463595,0,Resting,3.106212424849697,23.83,97.142,17,False,GP4,False,GP3,False,GP3,4.46676296904921,True,SIM,False,GP6,1.133357808201825,True,SIM,False,GP4,False,True,SIM,False,GP2
37.170875083500334,1,Resting,4.7595190380761485,23.83,97.142,18,False,GP4,False,GP3,False,GP3,4.542707281528965,True,SIM,False,GP6,1.2287638367764149,True,SIM,False,GP4,False,True,SIM,False,GP2
37.77666443999109,1,Resting,6.412825651302606,23.83,97.142,19,False,GP4,False,GP3,False,GP3,4.74105108950776,True,SIM,False,GP6,1.2837708019794523,True,SIM,False,GP4,False,True,SIM,False,GP2
37.8731017590737,1,Resting,8.066132264529058,23.83,97.142,20,False,GP4,False,GP3,False,GP3,4.413837067507698,True,SIM,False,GP6,1.1972685983448161,True,SIM,False,GP4,False,True,SIM,False,GP2
37.111111111111114,1,Resting,9.71943887775551,23.83,97.142,21,False,GP4,False,GP3,False,GP3,4.428314485567223,True,SIM,False,GP6,1.1981284490496185,True,SIM,False,GP4,False,True,SIM,False,GP2
37.449999999999996,1,Resting,11.372745490981961,23.83,97.142,22,False,GP4,False,GP3,False,GP3,4.582740711287822,True,SIM,False,GP6,1.1939138677909278,True,SIM,False,GP4,False,True,SIM,False,GP2
37.14982186595413,1,Resting,13.026052104208413,23.73,97.142,23,False,GP4,False,GP3,False,GP3,4.535735380262002,True,SIM,False,GP6,1.2547200579033428,True,SIM,False,GP4,False,True,SIM,False,GP2
37.449999999999996,1,Resting,14.679358717434866,23.73,97.142,24,False,GP4,False,GP3,False,GP3,4.447926710313001,True,SIM,False,GP6,1.171836937162907,True,SIM,False,GP4,False,True,SIM,False,GP2
36.64769539078157,1,Resting,16.33266533066132,23.73,97.142,25,False,GP4,False,GP3,False,GP3,4.421749713732332,True,SIM,False,GP6,1.2162213554103112,True,SIM,False,GP4,False,True,SIM,False,GP2
37.62725450901803,1,Resting,17.985971943887773,23.73,97.142,26,False,GP4,False,GP3,False,GP3,4.440096486942563,True,SIM,False,GP6,1.168639964452757,True,SIM,False,GP4,False,True,SIM,False,GP2
37.69924293030505,1,Resting,19.639278557114224,23.73,97.142,27,False,GP4,False,GP3,False,GP3,4.736737503476783,True,SIM,False,GP6,1.2178789866676312,True,SIM,False,GP4,False,True,SIM,False,GP2
37.12876864840793,1,Resting,21.29258517034068,23.73,97.142,28,False,GP4,False,GP3,False,GP3,4.553808374465885,True,SIM,False,GP6,1.19096256095878,True,SIM,False,GP4,False,True,SIM,False,GP2
37.449999999999996,2,Resting,22.94589178356713,23.73,97.142,29,False,GP4,False,GP3,False,GP3,4.411928586298932,True,SIM,False,GP6,1.1866131841970071,True,SIM,False,GP4,False,True,SIM,False,GP2
37.53625027833444,2,Resting,24.599198396793586,23.73,97.142,30,False,GP4,False,GP3,False,GP3,4.484036624182304,True,SIM,False,GP6,1.2500629185291858,True,SIM,False,GP4,False,True,SIM,False,GP2
37.590581162324646,2,Resting,25.0,23.73,97.142,31,False,GP4,False,GP3,False,GP3,4.45970282138699,True,SIM,False,GP6,1.2836919239429596,True,SIM,False,GP4,False,True,SIM,False,GP2
37.111111111111114,2,Resting,25.0,23.73,97.142,32,False,GP4,False,GP3,False,GP3,4.487797265171186,True,SIM,False,GP6,1.2373674853278978,True,SIM,False,GP4,False,True,SIM,False,GP2
37.446604319750605,2,Resting,25.0,22.66,97.142,33,False,GP4,False,GP3,False,GP3,4.390184774124565,True,SIM,False,GP6,1.214285471700782,True,SIM,False,GP4,False,True,SIM,False,GP2
37.111111111111114,2,Resting,25.0,22.66,96.665,34,False,GP4,False,GP3,False,GP3,4.493368136120237,True,SIM,False,GP6,1.2204686549322608,True,SIM,False,GP4,False,True,SIM,False,GP2
36.96373858828769,2,Resting,25.0,22.66,96.665,35,False,GP4,False,GP3,False,GP3,4.5037890547611115,True,SIM,False,GP6,1.27319163759478,True,SIM,False,GP4,False,True,SIM,False,GP2
37.230639055889554,3,Resting,25.0,22.66,96.665,36,False,GP4,False,GP3,False,GP3,4.512353306378583,True,SIM,False,GP6,1.2190726991186942,True,SIM,False,GP4,False,True,SIM,False,GP2
36.77222222222222,3,Resting,25.0,22.66,96.665,37,False,GP4,False,GP3,False,GP3,4.567574796279746,True,SIM,False,GP6,1.212454658715266,True,SIM,False,GP4,False,True,SIM,False,GP2
36.77222222222222,3,Resting,25.0,22.66,96.665,38,False,GP4,False,GP3,False,GP3,4.422719050018816,True,SIM,False,GP6,1.2646367101108786,True,SIM,False,GP4,False,True,SIM,False,GP2
36.58092852371409,3,Resting,25.0,22.66,96.665,39,False,GP4,False,GP3,False,GP3,4.472103207274958,True,SIM,False,GP6,1.234586641845129,True,SIM,False,GP4,False,True,SIM,False,GP2
36.94268537074148,4,Resting,25.0,22.66,96.665,40,False,GP4,False,GP3,False,GP3,4.4633718349259475,True,SIM,False,GP6,1.1373077253562058,True,SIM,False,GP4,False,True,SIM,False,GP2
37.20958583834336,4,Resting,25.0,22.66,96.665,41,False,GP4,False,GP3,False,GP3,4.585766248387233,True,SIM,False,GP6,1.2189014528502655,True,SIM,False,GP4,False,True,SIM,False,GP2
36.23199732798932,4,Resting,25.0,22.66,96.665,42,False,GP4,False,GP3,False,GP3,4.551111323820472,True,SIM,False,GP6,1.1720916933124104,True,SIM,False,GP4,False,True,SIM,False,GP2
37.06560899576932,4,Resting,25.0,22.65,96.665,43,False,GP4,False,GP3,False,GP3,4.495479327463656,True,SIM,False,GP6,1.216958979834505,True,SIM,False,GP4,False,True,SIM,False,GP2
36.77222222222222,5,Resting,25.0,22.65,96.665,44,False,GP4,False,GP3,False,GP3,4.660771972514224,True,SIM,False,GP6,1.1924256611002462,True,SIM,False,GP4,False,True,SIM,False,GP2
36.62526163437987,5,Resting,25.0,22.65,96.665,45,False,GP4,False,GP3,False,GP3,4.363622397626913,True,SIM,False,GP6,1.1744282733613467,True,SIM,False,GP4,False,True,SIM,False,GP2
37.111111111111114,5,Resting,26.178356713426844,22.65,96.665,46,False,GP4,False,GP3,False,GP3,4.5676668602668835,True,SIM,False,GP6,1.1627890128476674,True,SIM,False,GP4,False,True,SIM,False,GP2
36.449665998664,5,Resting,28.030060120240478,22.65,96.665,47,False,GP4,False,GP3,False,GP3,4.641727405086218,True,SIM,False,GP6,1.2010193761647359,True,SIM,False,GP4,False,True,SIM,False,GP2
36.570908483633936,5,Resting,29.881763527054098,22.65,96.665,48,False,GP4,False,GP3,False,GP3,4.527345163699665,True,SIM,False,GP6,1.1984540177644243,True,SIM,False,GP4,False,True,SIM,False,GP2
36.31301491872634,5,Resting,31.73346693386773,22.65,96.665,49,False,GP4,False,GP3,False,GP3,4.365517622480872,True,SIM,False,GP6,1.216908817570909,True,SIM,False,GP4,False,True,SIM,False,GP2
36.4388888888889,5,Resting,33.58517034068136,22.65,96.665,50,False,GP4,False,GP3,False,GP3,4.420713046498614,True,SIM,False,GP6,1.2116899238514842,True,SIM,False,GP4,False,True,SIM,False,GP2
36.268180806056556,5,Resting,35.436873747494985,22.65,96.665,51,False,GP4,False,GP3,False,GP3,4.635031994795787,True,SIM,False,GP6,1.1416306398766063,True,SIM,False,GP4,False,True,SIM,False,GP2
36.72561790247161,5,Resting,37.28857715430861,22.65,96.665,52,False,GP4,False,GP3,False,GP3,4.336972710731196,True,SIM,False,GP6,1.3347074368482448,True,SIM,False,GP4,False,True,SIM,False,GP2
36.52506123357827,5,Resting,39.14028056112223,23.47757515030059,96.665,53,False,GP4,False,GP3,False,GP3,4.524810826259761,True,SIM,False,GP6,1.20918947895363,True,SIM,False,GP4,False,True,SIM,False,GP2
36.77222222222222,5,Resting,40.991983967935866,23.54,96.665,54,False,GP4,False,GP3,False,GP3,4.579326353387196,True,SIM,False,GP6,1.188965304304702,True,SIM,False,GP4,False,True,SIM,False,GP2
36.4388888888889,5,Resting,42.8436873747495,23.54,96.665,55,False,GP4,False,GP3,False,GP3,4.497316189118983,True,SIM,False,GP6,1.1088936054987206,True,SIM,False,GP4,False,True,SIM,False,GP2
36.4388888888889,5,Resting,44.69539078156312,23.54,96.665,56,False,GP4,False,GP3,False,GP3,4.4992504686457035,True,SIM,False,GP6,1.2369399920349242,True,SIM,False,GP4,False,True,SIM,False,GP2
36.402215542195506,5,Resting,46.54709418837675,23.54,96.665,57,False,GP4,False,GP3,False,GP3,4.427357316279869,True,SIM,False,GP6,1.1424352490822869,True,SIM,False,GP4,False,True,SIM,False,GP2
36.4388888888889,5,Resting,48.39879759519037,23.54,96.665,58,False,GP4,False,GP3,False,GP3,4.476499309672827,True,SIM,False,GP6,1.3167813699706221,True,SIM,False,GP4,False,True,SIM,False,GP2
36.4388888888889,6,Resting,50.250501002004,23.54,96.665,59,False,GP4,False,GP3,False,GP3,4.639314049332985,True,SIM,False,GP6,1.1764452422555776,True,SIM,False,GP4,False,True,SIM,False,GP2
36.4388888888889,6,Resting,52.102204408817634,23.54,96.665,60,False,GP4,False,GP3,False,GP3,4.556660541148875,True,SIM,False,GP6,1.3065003490102636,True,SIM,False,GP4,False,True,SIM,False,GP2
36.75819416610999,6,Resting,53.0,23.54,96.665,61,False,GP4,False,GP3,False,GP3,4.575865707861176,True,SIM,False,GP6,1.241147912133803,True,SIM,False,GP4,False,True,SIM,False,GP2
35.93334446671119,6,Resting,53.0,23.54,96.665,62,False,GP4,False,GP3,False,GP3,4.51464936573658,True,SIM,False,GP6,1.2292050772238292,True,SIM,False,GP4,False,True,SIM,False,GP2
36.309173903362286,7,Resting,53.0,23.54,96.665,63,False,GP4,False,GP3,False,GP3,4.48370838569399,True,SIM,False,GP6,1.2079501396157217,True,SIM,False,GP4,False,True,SIM,False,GP2
36.03548207526164,7,Resting,53.0,23.54,96.665,64,False,GP4,False,GP3,False,GP3,4.446222651951034,True,SIM,False,GP6,1.2018084885860927,True,SIM,False,GP4,False,True,SIM,False,GP2
36.83741928301046,7,Resting,53.0,23.54,96.665,65,False,GP4,False,GP3,False,GP3,4.5376970443111,True,SIM,False,GP6,1.2066307705369959,True,SIM,False,GP4,False,True,SIM,False,GP2
36.42530616789134,7,Resting,53.0,23.54,96.665,66,False,GP4,False,GP3,False,GP3,4.499633878712432,True,SIM,False,GP6,1.1970183963109764,True,SIM,False,GP4,False,True,SIM,False,GP2
36.61595413048318,8,Resting,53.0,23.54,96.665,67,False,GP4,False,GP3,False,GP3,4.4623745954802985,True,SIM,False,GP6,1.2155674387143183,True,SIM,False,GP4,False,True,SIM,False,GP2
36.58718548207526,8,Resting,53.0,23.54,96.665,68,False,GP4,False,GP3,False,GP3,4.5584081464616615,True,SIM,False,GP6,1.214598694558724,True,SIM,False,GP4,False,True,SIM,False,GP2
36.44649298597196,8,Resting,53.0,23.54,96.665,69,False,GP4,False,GP3,False,GP3,4.447205955685794,True,SIM,False,GP6,1.2123044475922031,True,SIM,False,GP4,False,True,SIM,False,GP2
36.77222222222222,8,Resting,53.0,23.54,96.665,70,False,GP4,False,GP3,False,GP3,4.523978219936665,True,SIM,False,GP6,1.2100362371074758,True,SIM,False,GP4,False,True,SIM,False,GP2
36.38319973279894,9,Resting,53.0,23.54,96.665,71,False,GP4,False,GP3,False,GP3,4.3335870963515335,True,SIM,False,GP6,1.092524467339959,True,SIM,False,GP4,False,True,SIM,False,GP2
36.39786239144957,9,Resting,53.0,23.54,96.665,72,False,GP4,False,GP3,False,GP3,4.365313019281182,True,SIM,False,GP6,1.2364797751607084,True,SIM,False,GP4,False,True,SIM,False,GP2
36.44082609663772,9,Resting,53.0,23.8,96.665,73,False,GP4,False,GP3,False,GP3,4.406438773468468,True,SIM,False,GP6,1.2898573266492903,True,SIM,False,GP4,False,True,SIM,False,GP2
36.00492095301715,9,Resting,53.0,23.8,96.665,74,False,GP4,False,GP3,False,GP3,4.57540042977554,True,SIM,False,GP6,1.2243248336741006,True,SIM,False,GP4,False,True,SIM,False,GP2
36.4388888888889,9,Resting,53.0,23.8,96.665,75,False,GP4,False,GP3,False,GP3,4.496137512051687,True,SIM,False,GP6,1.2903895483160723,True,SIM,False,GP4,False,True,SIM,False,GP2
36.4388888888889,9,Resting,53.234468937875754,23.8,96.665,76,False,GP4,False,GP3,False,GP3,4.5975541845046175,True,SIM,False,GP6,1.267389154639869,True,SIM,False,GP4,False,True,SIM,False,GP2
36.220886216878206,10,Resting,53.829659318637276,23.8,96.665,77,False,GP4,False,GP3,False,GP3,4.512538473436638,True,SIM,False,GP6,1.2150220401807097,True,SIM,False,GP4,False,True,SIM,False,GP2
36.19676018704075,10,Resting,54.42484969939879,23.8,96.665,78,False,GP4,False,GP3,False,GP3,4.596120860701486,True,SIM,False,GP6,1.2226944618623379,True,SIM,False,GP4,False,True,SIM,False,GP2
36.699409930973054,10,Resting,55.020040080160314,23.8,96.665,79,False,GP4,False,GP3,False,GP3,4.2633369219763235,True,SIM,False,GP6,1.2090971952792147,True,SIM,False,GP4,False,True,SIM,False,GP2
36.768180806056556,10,Resting,55.61523046092184,23.8,96.665,80,False,GP4,False,GP3,False,GP3,4.426378797627581,True,SIM,False,GP6,1.1790289846695972,True,SIM,False,GP4,False,True,SIM,False,GP2
35.901013137385895,10,Resting,56.210420841683366,23.8,96.665,81,False,GP4,False,GP3,False,GP3,4.5127490100836285,True,SIM,False,GP6,1.1903713229865576,True,SIM,False,GP4,False,True,SIM,False,GP2
36.2419394344244,11,Resting,56.80561122244488,23.8,96.665,82,False,GP4,False,GP3,False,GP3,4.383059985009632,True,SIM,False,GP6,1.205073523329079,True,SIM,False,GP4,False,True,SIM,False,GP2
36.4388888888889,11,Resting,57.40080160320641,23.93,96.665,83,False,GP4,False,GP3,False,GP3,4.55210998575148,True,SIM,False,GP6,1.255549613577908,True,SIM,False,GP4,False,True,SIM,False,GP2
36.332943665108,11,Resting,57.99599198396793,23.93,96.665,84,False,GP4,False,GP3,False,GP3,4.655900623076448,True,SIM,False,GP6,1.2821924540692804,True,SIM,False,GP4,False,True,SIM,False,GP2
36.08098419060343,11,Resting,58.591182364729455,23.93,96.665,85,False,GP4,False,GP3,False,GP3,4.677495644819305,True,SIM,False,GP6,1.216677730308302,True,SIM,False,GP4,False,True,SIM,False,GP2
36.191004230683596,12,Resting,59.186372745490985,23.93,96.665,86,False,GP4,False,GP3,False,GP3,4.353108977948872,True,SIM,False,GP6,1.2837537493440112,True,SIM,False,GP4,False,True,SIM,False,GP2
36.087096415052336,12,Resting,59.78156312625251,23.93,96.665,87,False,GP4,False,GP3,False,GP3,4.537521779849933,True,SIM,False,GP6,1.1418790876766236,True,SIM,False,GP4,False,True,SIM,False,GP2
36.77222222222222,12,Resting,60.37675350701402,23.93,96.665,88,False,GP4,False,GP3,False,GP3,4.402267996825068,True,SIM,False,GP6,1.2225376115669535,True,SIM,False,GP4,False,True,SIM,False,GP2
36.19523491427301,13,Resting,60.971943887775545,23.93,96.665,89,False,GP4,False,GP3,False,GP3,4.582181942437789,True,SIM,False,GP6,1.1097726188584522,True,SIM,False,GP4,False,True,SIM,False,GP2
37.07104208416834,13,Resting,61.567134268537075,23.93,96.665,90,False,GP4,False,GP3,False,GP3,4.6845722393430265,True,SIM,False,GP6,1.146029563881045,True,SIM,False,GP4,False,True,SIM,False,GP2
36.54910932977065,13,Resting,62.0,23.93,96.665,91,False,GP4,False,GP3,False,GP3,4.279237944360588,True,SIM,False,GP6,1.1633420538400787,True,SIM,False,GP4,False,True,SIM,False,GP2
36.619917613003786,13,Resting,62.0,23.93,96.665,92,False,GP4,False,GP3,False,GP3,4.37881940175137,True,SIM,False,GP6,1.2160828652821611,True,SIM,False,GP4,False,True,SIM,False,GP2
36.4388888888889,14,Resting,62.0,23.177535070140284,96.665,93,False,GP4,False,GP3,False,GP3,4.4074989757614835,True,SIM,False,GP6,1.2047645933883786,True,SIM,False,GP4,False,True,SIM,False,GP2
36.11086617679804,14,Resting,62.0,23.09,96.665,94,False,GP4,False,GP3,False,GP3,4.513861185261264,True,SIM,False,GP6,1.2600486722251416,True,SIM,False,GP4,False,True,SIM,False,GP2
36.49900912936986,14,Resting,62.0,23.09,96.665,95,False,GP4,False,GP3,False,GP3,4.635495200029715,True,SIM,False,GP6,1.119311737468232,True,SIM,False,GP4,False,True,SIM,False,GP2
36.172667557336915,14,Resting,62.0,23.09,96.665,96,False,GP4,False,GP3,False,GP3,4.59006708201287,True,SIM,False,GP6,1.1327937079234052,True,SIM,False,GP4,False,True,SIM,False,GP2
35.68980182587398,15,Resting,62.0,23.09,96.665,97,False,GP4,False,GP3,False,GP3,4.444151841979501,True,SIM,False,GP6,1.3184775658817927,True,SIM,False,GP4,False,True,SIM,False,GP2
34.65730349588066,15,Resting,62.0,23.09,96.665,98,False,GP4,False,GP3,False,GP3,4.624172884958279,True,SIM,False,GP6,1.1069385545031503,True,SIM,False,GP4,False,True,SIM,False,GP2
35.11928301046537,15,Resting,62.0,23.09,96.665,99,False,GP4,False,GP3,False,GP3,4.379307766633401,True,SIM,False,GP6,1.1997760803460527,True,SIM,False,GP4,False,True,SIM,False,GP2
36.4388888888889,15,Resting,62.0,23.09,96.665,100,False,GP4,False,GP3,False,GP3,4.694234579405774,True,SIM,False,GP6,1.1776469505019873,True,SIM,False,GP4,False,True,SIM,False,GP2
35.91527499443331,16,Resting,62.0,23.09,96.665,101,False,GP4,False,GP3,False,GP3,4.553313273557728,True,SIM,False,GP6,1.2019409340879579,True,SIM,False,GP4,False,True,SIM,False,GP2
36.77222222222222,16,Resting,62.0,23.09,96.665,102,False,GP4,False,GP3,False,GP3,4.489762120640066,True,SIM,False,GP6,1.2099271348818625,True,SIM,False,GP4,False,True,SIM,False,GP2
36.1,16,Resting,62.0,23.364028056112254,96.665,103,False,GP4,False,GP3,False,GP3,4.686949187309015,True,SIM,False,GP6,1.1115860644306403,True,SIM,False,GP4,False,True,SIM,False,GP2
35.453462480516585,17,Resting,62.0,23.52,96.665,104,False,GP4,False,GP3,False,GP3,4.553265241592476,True,SIM,False,GP6,1.1923665111249089,True,SIM,False,GP4,False,True,SIM,False,GP2
35.76111111111111,17,Resting,62.0,23.52,96.665,105,False,GP4,False,GP3,False,GP3,4.7168529072204874,True,SIM,False,GP6,1.1709075871444947,True,SIM,False,GP4,False,True,SIM,False,GP2
35.422222222222224,17,Resting,62.080160320641276,23.52,96.665,106,False,GP4,False,GP3,False,GP3,4.695158510790564,True,SIM,False,GP6,1.2136608686181758,True,SIM,False,GP4,False,True,SIM,False,GP2
36.1,17,Resting,62.609218436873746,23.52,96.665,107,False,GP4,False,GP3,False,GP3,4.535326924350879,True,SIM,False,GP6,1.2140929809101368,True,SIM,False,GP4,False,True,SIM,False,GP2
35.78080605655756,18,Resting,63.13827655310621,23.52,96.665,108,False,GP4,False,GP3,False,GP3,4.548516043664424,True,SIM,False,GP6,1.1823377105763389,True,SIM,False,GP4,False,True,SIM,False,GP2
35.94397684257403,18,Resting,63.66733466933867,23.52,96.665,109,False,GP4,False,GP3,False,GP3,4.433493186752436,True,SIM,False,GP6,1.301416184703947,True,SIM,False,GP4,False,True,SIM,False,GP2
35.54650411934982,18,Resting,64.19639278557113,23.52,96.665,110,False,GP4,False,GP3,False,GP3,4.534735087822954,True,SIM,False,GP6,1.2186279182928166,True,SIM,False,GP4,False,True,SIM,False,GP2
35.28194166109997,18,Resting,64.72545090180361,23.52,96.665,111,False,GP4,False,GP3,False,GP3,4.459915571156771,True,SIM,False,GP6,1.223700407688734,True,SIM,False,GP4,False,True,SIM,False,GP2
35.422222222222224,19,Resting,65.25450901803606,23.52,96.665,112,False,GP4,False,GP3,False,GP3,4.458483219725819,True,SIM,False,GP6,1.24353467171651,True,SIM,False,GP4,False,True,SIM,False,GP2
35.75841683366734,19,Resting,65.78356713426854,23.52,96.665,113,False,GP4,False,GP3,False,GP3,4.613533603347033,True,SIM,False,GP6,1.1399050213731472,True,SIM,False,GP4,False,True,SIM,False,GP2
35.76111111111111,19,Resting,66.312625250501,21.93,96.665,114,False,GP4,False,GP3,False,GP3,4.362238193740134,True,SIM,False,GP6,1.1230241752511914,True,SIM,False,GP4,False,True,SIM,False,GP2
36.4388888888889,20,Resting,66.84168336673346,21.93,96.665,115,False,GP4,False,GP3,False,GP3,4.461441466542235,True,SIM,False,GP6,1.2613009016527552,True,SIM,False,GP4,False,True,SIM,False,GP2
35.97843464707193,20,Resting,67.37074148296593,21.93,96.665,116,False,GP4,False,GP3,False,GP3,4.524982666793612,True,SIM,False,GP6,1.2204908169261879,True,SIM,False,GP4,False,True,SIM,False,GP2
36.38931195724784,20,Resting,67.89979959919839,21.93,96.665,117,False,GP4,False,GP3,False,GP3,4.468627484832157,True,SIM,False,GP6,1.2312283039358953,True,SIM,False,GP4,False,True,SIM,False,GP2
36.07758851035404,21,Resting,68.42885771543087,21.93,96.665,118,False,GP4,False,GP3,False,GP3,4.63429392104782,True,SIM,False,GP6,1.140997126240766,True,SIM,False,GP4,False,True,SIM,False,GP2
36.19439991093299,21,Resting,68.95791583166331,21.93,96.665,119,False,GP4,False,GP3,False,GP3,4.508541693392273,True,SIM,False,GP6,1.264397410089629,True,SIM,False,GP4,False,True,SIM,False,GP2
36.43004898686263,21,Resting,69.48697394789579,21.93,96.665,120,False,GP4,False,GP3,False,GP3,4.637713518237826,True,SIM,False,GP6,1.1641770907915927,True,SIM,False,GP4,False,True,SIM,False,GP2
36.91173458027164,22,Resting,70.00400801603206,21.93,96.665,121,False,GP4,False,GP3,False,GP3,4.583545513518186,True,SIM,False,GP6,1.181755488968304,True,SIM,False,GP4,False,True,SIM,False,GP2
36.744166109997764,22,Resting,70.13627254509018,21.93,96.665,122,False,GP4,False,GP3,False,GP3,4.478403639947432,True,SIM,False,GP6,1.1287645018630674,True,SIM,False,GP4,False,True,SIM,False,GP2
36.48164105989757,22,Resting,70.2685370741483,21.93,96.665,123,False,GP4,False,GP3,False,GP3,4.322087721678709,True,SIM,False,GP6,1.1985937291722664,True,SIM,False,GP4,False,True,SIM,False,GP2
36.32901358272098,23,Resting,70.40080160320642,23.49,96.665,124,False,GP4,False,GP3,False,GP3,4.47512948744464,True,SIM,False,GP6,1.219348828957994,True,SIM,False,GP4,False,True,SIM,False,GP2
36.4388888888889,23,Resting,70.53306613226454,23.49,96.665,125,False,GP4,False,GP3,False,GP3,4.362842182134976,True,SIM,False,GP6,1.1597075418913638,True,SIM,False,GP4,False,True,SIM,False,GP2
36.25761523046093,23,Resting,70.66533066132264,23.49,96.665,126,False,GP4,False,GP3,False,GP3,4.2805575288744935,True,SIM,False,GP6,1.234312127178167,True,SIM,False,GP4,False,True,SIM,False,GP2
37.111111111111114,24,Resting,70.79759519038076,23.49,96.665,127,False,GP4,False,GP3,False,GP3,4.293025834318743,True,SIM,False,GP6,1.2409499868444898,True,SIM,False,GP4,False,True,SIM,False,GP2
36.64424404364284,24,Resting,70.92985971943888,23.49,96.665,128,False,GP4,False,GP3,False,GP3,4.445646856328575,True,SIM,False,GP6,1.065055281755289,True,SIM,False,GP4,False,True,SIM,False,GP2
36.97460476508573,24,Resting,71.06212424849699,23.49,96.665,129,False,GP4,False,GP3,False,GP3,4.406358417684291,True,SIM,False,GP6,1.2016514797426254,True,SIM,False,GP4,False,True,SIM,False,GP2
36.35865063460253,25,Resting,71.1943887775551,23.49,96.665,130,False,GP4,False,GP3,False,GP3,4.6249886182303985,True,SIM,False,GP6,1.2565884414068127,True,SIM,False,GP4,False,True,SIM,False,GP2
36.274259630371844,25,Resting,71.32665330661322,23.49,96.665,131,False,GP4,False,GP3,False,GP3,4.566843459245155,True,SIM,False,GP6,1.2259785158472605,True,SIM,False,GP4,False,True,SIM,False,GP2
36.4388888888889,26,Resting,71.45891783567134,23.49,96.665,132,False,GP4,False,GP3,False,GP3,4.416547073053663,True,SIM,False,GP6,1.1659272783667491,True,SIM,False,GP4,False,True,SIM,False,GP2
36.4388888888889,26,Resting,71.59118236472946,23.49,96.665,133,False,GP4,False,GP3,False,GP3,4.563889471766228,True,SIM,False,GP6,1.1660749044751388,True,SIM,False,GP4,False,True,SIM,False,GP2
36.75142507236698,26,Resting,71.72344689378758,23.49,96.665,134,False,GP4,False,GP3,False,GP3,4.427906481070048,True,SIM,False,GP6,1.2367953461918355,True,SIM,False,GP4,False,True,SIM,False,GP2
37.00177020708084,27,Resting,71.85571142284569,22.73,96.665,135,False,GP4,False,GP3,False,GP3,4.515179668319067,True,SIM,False,GP6,1.1344386471047352,True,SIM,False,GP4,False,True,SIM,False,GP2
36.401536406145624,27,Resting,71.9879759519038,22.73,96.665,136,False,GP4,False,GP3,False,GP3,4.435521421176475,True,SIM,False,GP6,1.2124161584728514,True,SIM,False,GP4,False,True,SIM,False,GP2
36.77222222222222,27,Resting,72.0,22.73,96.665,137,False,GP4,False,GP3,False,GP3,4.571537649315258,True,SIM,False,GP6,1.1363282889243924,True,SIM,False,GP4,False,True,SIM,False,GP2
36.33226452905813,28,Resting,72.0,22.73,96.665,138,False,GP4,False,GP3,False,GP3,4.514331232804824,True,SIM,False,GP6,1.22423299752684,True,SIM,False,GP4,False,True,SIM,False,GP2
37.27138721888221,28,Resting,72.0,22.73,96.665,139,False,GP4,False,GP3,False,GP3,4.617268357320036,True,SIM,False,GP6,1.313384372530172,True,SIM,False,GP4,False,True,SIM,False,GP2
36.68538187486083,28,Resting,72.0,22.73,96.665,140,False,GP4,False,GP3,False,GP3,4.446055366135056,True,SIM,False,GP6,1.2247255202337368,True,SIM,False,GP4,False,True,SIM,False,GP2
36.45492095301716,29,Resting,72.0,22.73,96.665,141,False,GP4,False,GP3,False,GP3,4.559640548903323,True,SIM,False,GP6,1.2237792994357417,True,SIM,False,GP4,False,True,SIM,False,GP2
36.77222222222222,29,Resting,72.0,22.73,96.665,142,False,GP4,False,GP3,False,GP3,4.420196296002182,True,SIM,False,GP6,1.1686480814190614,True,SIM,False,GP4,False,True,SIM,False,GP2
36.391282565130254,29,Resting,72.0,22.73,96.665,143,False,GP4,False,GP3,False,GP3,4.446612835882556,True,SIM,False,GP6,1.1391288699174515,True,SIM,False,GP4,False,True,SIM,False,GP2
36.0395568915609,30,Resting,72.0,22.73,96.665,144,False,GP4,False,GP3,False,GP3,4.373366857347392,True,SIM,False,GP6,1.1898154040567386,True,SIM,False,GP4,False,True,SIM,False,GP2
34.9506012024048,30,Resting,72.0,23.52,96.665,145,False,GP4,False,GP3,False,GP3,4.6581915408881285,True,SIM,False,GP6,1.1998163364997416,True,SIM,False,GP4,False,True,SIM,False,GP2
34.377989311957215,30,Resting,72.0,23.52,96.665,146,False,GP4,False,GP3,False,GP3,4.439892365600862,True,SIM,False,GP6,1.1584819973870506,True,SIM,False,GP4,False,True,SIM,False,GP2
31.114373190826104,31,Resting,72.0,23.52,96.665,147,False,GP4,False,GP3,False,GP3,4.432916099027091,True,SIM,False,GP6,1.1682391994934216,True,SIM,False,GP4,False,True,SIM,False,GP2
31.333912268982424,31,Resting,72.0,23.52,96.665,148,False,GP4,False,GP3,False,GP3,4.266795770443728,True,SIM,False,GP6,1.2767761010045002,True,SIM,False,GP4,False,True,SIM,False,GP2
31.03888888888889,32,Resting,72.0,23.52,96.665,149,False,GP4,False,GP3,False,GP3,4.42357606332773,True,SIM,False,GP6,1.1672289059514689,True,SIM,False,GP4,False,True,SIM,False,GP2
31.32679804052549,32,Resting,72.0,23.52,96.665,150,False,GP4,False,GP3,False,GP3,4.298925636112823,True,SIM,False,GP6,1.1054732131330165,True,SIM,False,GP4,False,True,SIM,False,GP2
36.12580716989534,32,Resting,72.0,23.52,96.665,151,False,GP4,False,GP3,False,GP3,4.413183522637882,True,SIM,False,GP6,1.1943186076847836,True,SIM,False,GP4,False,True,SIM,False,GP2
36.341093297706536,33,Resting,72.05210420841684,23.52,96.665,152,False,GP4,False,GP3,False,GP3,4.553236745237854,True,SIM,False,GP6,1.1860212142413893,True,SIM,False,GP4,False,True,SIM,False,GP2
36.4388888888889,33,Resting,72.1182364729459,23.52,96.665,153,False,GP4,False,GP3,False,GP3,4.444135578684938,True,SIM,False,GP6,1.2484134833955665,True,SIM,False,GP4,False,True,SIM,False,GP2
36.341772433756404,33,Resting,72.18436873747495,23.52,96.665,154,False,GP4,False,GP3,False,GP3,4.450407624156536,True,SIM,False,GP6,1.213331726589109,True,SIM,False,GP4,False,True,SIM,False,GP2
36.07487196615453,34,Resting,72.250501002004,23.96,96.665,155,False,GP4,False,GP3,False,GP3,4.679236829155843,True,SIM,False,GP6,1.1390962073034474,True,SIM,False,GP4,False,True,SIM,False,GP2
36.1,34,Resting,72.31663326653306,23.96,96.665,156,False,GP4,False,GP3,False,GP3,4.566695728333556,True,SIM,False,GP6,1.2591464478534975,True,SIM,False,GP4,False,True,SIM,False,GP2
36.320040080160325,34,Resting,72.38276553106212,23.96,96.665,157,False,GP4,False,GP3,False,GP3,4.566815005608823,True,SIM,False,GP6,1.213593982152732,True,SIM,False,GP4,False,True,SIM,False,GP2
36.4388888888889,35,Resting,72.44889779559118,23.96,96.665,158,False,GP4,False,GP3,False,GP3,4.399216272778776,True,SIM,False,GP6,1.1739423860058116,True,SIM,False,GP4,False,True,SIM,False,GP2
36.210699176130056,35,Resting,72.51503006012024,23.96,96.665,159,False,GP4,False,GP3,False,GP3,4.404925732805059,True,SIM,False,GP6,1.23636072478306,True,SIM,False,GP4,False,True,SIM,False,GP2
36.4388888888889,35,Resting,72.5811623246493,23.96,96.665,160,False,GP4,False,GP3,False,GP3,4.349392552122205,True,SIM,False,GP6,1.1875797629280278,True,SIM,False,GP4,False,True,SIM,False,GP2
35.89693832108663,36,Resting,72.64729458917836,23.96,96.665,161,False,GP4,False,GP3,False,GP3,4.593625980805988,True,SIM,False,GP6,1.3281780795768872,True,SIM,False,GP4,False,True,SIM,False,GP2
36.298986862614115,36,Resting,72.71342685370742,23.96,96.665,162,False,GP4,False,GP3,False,GP3,4.525159082045261,True,SIM,False,GP6,1.1950594573602105,True,SIM,False,GP4,False,True,SIM,False,GP2
35.8032175462035,36,Resting,72.77955911823648,23.96,96.665,163,False,GP4,False,GP3,False,GP3,4.46970422788854,True,SIM,False,GP6,1.275144322093123,True,SIM,False,GP4,False,True,SIM,False,GP2
35.70610109107103,37,Resting,72.84569138276552,23.921523046092172,96.665,164,False,GP4,False,GP3,False,GP3,4.508981625933911,True,SIM,False,GP6,1.1926870412281787,True,SIM,False,GP4,False,True,SIM,False,GP2
36.4388888888889,37,Resting,72.91182364729458,23.72,96.665,165,False,GP4,False,GP3,False,GP3,4.440316882581955,True,SIM,False,GP6,1.1681901702265098,True,SIM,False,GP4,False,True,SIM,False,GP2
36.260955243820995,38,Resting,72.97795591182364,23.72,96.665,166,False,GP4,False,GP3,False,GP3,4.53386569298604,True,SIM,False,GP6,1.2478292577652714,True,SIM,False,GP4,False,True,SIM,False,GP2
36.452950345134724,38,Walking,73.0,23.72,96.665,167,False,GP4,False,GP3,False,GP3,4.477615662071419,True,SIM,False,GP6,1.235435922071725,True,SIM,False,GP4,False,True,SIM,False,GP2
35.9940547762191,38,Walking,73.0,23.72,96.665,168,False,GP4,False,GP3,False,GP3,4.421527096051674,True,SIM,False,GP6,1.218701540136762,True,SIM,False,GP4,False,True,SIM,False,GP2
36.472289022489434,39,Walking,73.0,23.72,96.665,169,False,GP4,False,GP3,False,GP3,4.643706342446931,True,SIM,False,GP6,1.191280410619761,True,SIM,False,GP4,False,True,SIM,False,GP2
36.06196838120686,39,Walking,73.0,23.72,96.665,170,False,GP4,False,GP3,False,GP3,4.638350832317352,True,SIM,False,GP6,1.2096288764156222,True,SIM,False,GP4,False,True,SIM,False,GP2
36.54710532175462,39,Walking,73.0,23.72,96.665,171,False,GP4,False,GP3,False,GP3,4.483861025187607,True,SIM,False,GP6,1.2030139209494937,True,SIM,False,GP4,False,True,SIM,False,GP2
35.735983077265644,40,Walking,73.0,23.72,96.665,172,False,GP4,False,GP3,False,GP3,4.394309049997132,True,SIM,False,GP6,1.2067804163729094,True,SIM,False,GP4,False,True,SIM,False,GP2
35.5920062346916,41,Walking,73.0,23.72,96.665,173,False,GP4,False,GP3,False,GP3,4.4644642209855165,True,SIM,False,GP6,1.1314274049763562,True,SIM,False,GP4,False,True,SIM,False,GP2
36.1,41,Walking,73.0,23.72,96.665,174,False,GP4,False,GP3,False,GP3,4.389407643607707,True,SIM,False,GP6,1.2116859102369681,True,SIM,False,GP4,False,True,SIM,False,GP2
36.15908483633935,42,Walking,73.0,23.35,96.665,175,False,GP4,False,GP3,False,GP3,4.48747719266538,True,SIM,False,GP6,1.1659444838686082,True,SIM,False,GP4,False,True,SIM,False,GP2
36.17674237363615,42,Walking,73.0,23.35,96.665,176,False,GP4,False,GP3,False,GP3,4.495225777625345,True,SIM,False,GP6,1.132091495841849,True,SIM,False,GP4,False,True,SIM,False,GP2
35.69474504564687,43,Walking,73.0,23.35,96.665,177,False,GP4,False,GP3,False,GP3,4.364727424683112,True,SIM,False,GP6,1.1861208860310104,True,SIM,False,GP4,False,True,SIM,False,GP2
35.90953017145399,43,Walking,73.0,23.35,96.665,178,False,GP4,False,GP3,False,GP3,4.3564991929623975,True,SIM,False,GP6,1.1777849662993551,True,SIM,False,GP4,False,True,SIM,False,GP2
36.08370073480296,44,Walking,73.0,23.35,96.665,179,False,GP4,False,GP3,False,GP3,4.3813304774490875,True,SIM,False,GP6,1.2201899172482584,True,SIM,False,GP4,False,True,SIM,False,GP2
36.01986194611446,44,Walking,73.0,23.35,96.665,180,False,GP4,False,GP3,False,GP3,4.542061798091697,True,SIM,False,GP6,1.1332902379577638,True,SIM,False,GP4,False,True,SIM,False,GP2
36.065364061456236,45,Walking,73.0,23.35,96.665,181,False,GP4,False,GP3,False,GP3,4.569476470590039,True,SIM,False,GP6,1.2750838709487813,True,SIM,False,GP4,False,True,SIM,False,GP2
36.1,45,Walking,73.07214428857715,23.35,96.665,182,False,GP4,False,GP3,False,GP3,4.583884271291529,True,SIM,False,GP6,1.1883482483058787,True,SIM,False,GP4,False,True,SIM,False,GP2
35.8038966822534,46,Walking,73.20440881763527,23.35,96.665,183,False,GP4,False,GP3,False,GP3,4.490122183982479,True,SIM,False,GP6,1.2835895412882163,True,SIM,False,GP4,False,True,SIM,False,GP2
35.79031396125585,46,Walking,73.33667334669339,23.35,96.665,184,False,GP4,False,GP3,False,GP3,4.482085432285471,True,SIM,False,GP6,1.1601495878690042,True,SIM,False,GP4,False,True,SIM,False,GP2
35.76111111111111,47,Walking,73.4689378757515,23.33,96.665,185,False,GP4,False,GP3,False,GP3,4.37421693810702,True,SIM,False,GP6,1.1192452754465594,True,SIM,False,GP4,False,True,SIM,False,GP2
35.92682030728123,47,Walking,73.60120240480961,23.33,96.665,186,False,GP4,False,GP3,False,GP3,4.184070325498345,True,SIM,False,GP6,1.1162732300781792,True,SIM,False,GP4,False,True,SIM,False,GP2
35.609663771988416,48,Walking,73.73346693386773,23.33,96.665,187,False,GP4,False,GP3,False,GP3,4.546325942468836,True,SIM,False,GP6,1.2380655569760062,True,SIM,False,GP4,False,True,SIM,False,GP2
36.1,48,Walking,73.86573146292585,23.33,96.665,188,False,GP4,False,GP3,False,GP3,4.554937093466845,True,SIM,False,GP6,1.1905498742799892,True,SIM,False,GP4,False,True,SIM,False,GP2
36.72279002449343,49,Walking,73.99799599198397,23.33,96.665,189,False,GP4,False,GP3,False,GP3,4.5637162642996785,True,SIM,False,GP6,1.1617519622001058,True,SIM,False,GP4,False,True,SIM,False,GP2
35.883355600089075,50,Walking,74.13026052104209,23.33,96.665,190,False,GP4,False,GP3,False,GP3,4.539884566014527,True,SIM,False,GP6,1.1566924057372552,True,SIM,False,GP4,False,True,SIM,False,GP2
35.56687820084613,50,Walking,74.2625250501002,23.33,96.665,191,False,GP4,False,GP3,False,GP3,4.491059111364441,True,SIM,False,GP6,1.163241628184442,True,SIM,False,GP4,False,True,SIM,False,GP2
36.1,51,Walking,74.39478957915831,23.33,96.665,192,False,GP4,False,GP3,False,GP3,4.423474914316373,True,SIM,False,GP6,1.182120261120041,True,SIM,False,GP4,False,True,SIM,False,GP2
35.422222222222224,51,Walking,74.52705410821643,23.33,96.665,193,False,GP4,False,GP3,False,GP3,4.589207230039018,True,SIM,False,GP6,1.1587487490760966,True,SIM,False,GP4,False,True,SIM,False,GP2
35.422222222222224,51,Walking,74.65931863727455,23.33,96.665,194,False,GP4,False,GP3,False,GP3,4.66498766605561,True,SIM,False,GP6,1.2724734472465205,True,SIM,False,GP4,False,True,SIM,False,GP2
35.95670229347585,52,Walking,74.79158316633266,23.18,96.665,195,False,GP4,False,GP3,False,GP3,4.4630951003902295,True,SIM,False,GP6,1.171552822536553,True,SIM,False,GP4,False,True,SIM,False,GP2
35.54582498329994,52,Walking,74.92384769539078,23.18,96.665,196,False,GP4,False,GP3,False,GP3,4.426900180143361,True,SIM,False,GP6,1.2937106212267813,True,SIM,False,GP4,False,True,SIM,False,GP2
35.8943887775551,52,Walking,75.0,23.18,96.665,197,False,GP4,False,GP3,False,GP3,4.589685486995317,True,SIM,False,GP6,1.1683074927271409,True,SIM,False,GP4,False,True,SIM,False,GP2
34.81078824315296,52,Walking,75.0,23.18,96.665,198,False,GP4,False,GP3,False,GP3,4.480382690069102,True,SIM,False,GP6,1.2767748001237882,True,SIM,False,GP4,False,True,SIM,False,GP2
35.66874860832777,53,Walking,75.0,23.18,96.665,199,False,GP4,False,GP3,False,GP3,4.461145967600292,True,SIM,False,GP6,1.1513723037802377,True,SIM,False,GP4,False,True,SIM,False,GP2
34.575462035181474,53,Walking,75.0,23.18,96.665,200,False,GP4,False,GP3,False,GP3,4.52474860764115,True,SIM,False,GP6,1.3103141897226838,True,SIM,False,GP4,False,True,SIM,False,GP2
35.2188042752171,53,Walking,75.0,23.18,96.665,201,False,GP4,False,GP3,False,GP3,4.429975952204412,True,SIM,False,GP6,1.1766953549457855,True,SIM,False,GP4,False,True,SIM,False,GP2
35.45278334446671,53,Walking,75.0,23.18,96.665,202,False,GP4,False,GP3,False,GP3,4.532589900307009,True,SIM,False,GP6,1.169668374260172,True,SIM,False,GP4,False,True,SIM,False,GP2
35.04746158984635,54,Walking,75.0,23.18,96.665,203,False,GP4,False,GP3,False,GP3,4.4363297917044235,True,SIM,False,GP6,1.168496331180198,True,SIM,False,GP4,False,True,SIM,False,GP2
34.97547316855933,54,Walking,75.0,23.18,96.665,204,False,GP4,False,GP3,False,GP3,4.410173667751491,True,SIM,False,GP6,1.1947816658478105,True,SIM,False,GP4,False,True,SIM,False,GP2
35.05445335114673,54,Walking,75.0,23.09,96.665,205,False,GP4,False,GP3,False,GP3,4.329413094916212,True,SIM,False,GP6,1.1840269966360804,True,SIM,False,GP4,False,True,SIM,False,GP2
34.49260743709641,54,Walking,75.0,23.09,96.665,206,False,GP4,False,GP3,False,GP3,4.65878689199515,True,SIM,False,GP6,1.1393014308602754,True,SIM,False,GP4,False,True,SIM,False,GP2
34.759507904698296,55,Walking,75.0,23.09,96.665,207,False,GP4,False,GP3,False,GP3,4.515472117078238,True,SIM,False,GP6,1.1569630177034793,True,SIM,False,GP4,False,True,SIM,False,GP2
35.21282565130258,55,Walking,75.0,23.09,96.665,208,False,GP4,False,GP3,False,GP3,4.423417818626092,True,SIM,False,GP6,1.2513439407629805,True,SIM,False,GP4,False,True,SIM,False,GP2
35.62664217323537,55,Walking,75.0,23.09,96.665,209,False,GP4,False,GP3,False,GP3,4.518838287377954,True,SIM,False,GP6,1.227178154143337,True,SIM,False,GP4,False,True,SIM,False,GP2
35.55465375194835,56,Walking,75.0,23.09,96.665,210,False,GP4,False,GP3,False,GP3,4.540987246084035,True,SIM,False,GP6,1.1450079373471158,True,SIM,False,GP4,False,True,SIM,False,GP2
35.76111111111111,56,Walking,75.0,23.09,96.665,211,False,GP4,False,GP3,False,GP3,4.567009125429315,True,SIM,False,GP6,1.170018630415131,True,SIM,False,GP4,False,True,SIM,False,GP2
35.39932086395013,56,Walking,75.04008016032064,23.09,96.665,212,False,GP4,False,GP3,False,GP3,4.60872759580704,True,SIM,False,GP6,1.2953718544877868,True,SIM,False,GP4,False,True,SIM,False,GP2
34.91569806279225,56,Walking,75.17234468937876,23.09,96.665,213,False,GP4,False,GP3,False,GP3,4.532491362209588,True,SIM,False,GP6,1.2102109808594839,True,SIM,False,GP4,False,True,SIM,False,GP2
35.241861500779336,57,Walking,75.30460921843687,23.09,96.665,214,False,GP4,False,GP3,False,GP3,4.555566060051848,True,SIM,False,GP6,1.2727468300447151,True,SIM,False,GP4,False,True,SIM,False,GP2
34.519639278557115,57,Walking,75.43687374749499,23.92,96.665,215,False,GP4,False,GP3,False,GP3,4.47832874611783,True,SIM,False,GP6,1.2033881722647977,True,SIM,False,GP4,False,True,SIM,False,GP2
34.75,57,Walking,75.5691382765531,23.92,96.665,216,False,GP4,False,GP3,False,GP3,4.384467093174727,True,SIM,False,GP6,1.1938448466712135,True,SIM,False,GP4,False,True,SIM,False,GP2
34.782598530394125,57,Walking,75.70140280561122,23.92,96.665,217,False,GP4,False,GP3,False,GP3,4.559955998345042,True,SIM,False,GP6,1.2233959707378907,True,SIM,False,GP4,False,True,SIM,False,GP2
35.31934981073257,58,Walking,75.83366733466934,23.92,96.665,218,False,GP4,False,GP3,False,GP3,4.8618275700312115,True,SIM,False,GP6,1.101915042465003,True,SIM,False,GP4,False,True,SIM,False,GP2
35.08888888888888,58,Walking,75.96593186372746,23.92,96.665,219,False,GP4,False,GP3,False,GP3,4.386420217116589,True,SIM,False,GP6,1.2175331022996894,True,SIM,False,GP4,False,True,SIM,False,GP2
34.659674905366295,58,Walking,76.09819639278557,23.92,96.665,220,False,GP4,False,GP3,False,GP3,4.6232207306599715,True,SIM,False,GP6,1.2864625641085647,True,SIM,False,GP4,False,True,SIM,False,GP2
35.052215542195476,58,Walking,76.23046092184369,23.92,96.665,221,False,GP4,False,GP3,False,GP3,4.69934585434167,True,SIM,False,GP6,1.108237680365493,True,SIM,False,GP4,False,True,SIM,False,GP2
34.803651747940314,59,Walking,76.3627254509018,23.92,96.665,222,False,GP4,False,GP3,False,GP3,4.593846234079878,True,SIM,False,GP6,1.3157054536004096,True,SIM,False,GP4,False,True,SIM,False,GP2
34.96324871966155,59,Walking,76.49498997995991,23.92,96.665,223,False,GP4,False,GP3,False,GP3,4.380928564825912,True,SIM,False,GP6,1.1581744898914381,True,SIM,False,GP4,False,True,SIM,False,GP2
34.07777777777778,59,Walking,76.62725450901803,23.92,96.665,224,False,GP4,False,GP3,False,GP3,4.430380981781063,True,SIM,False,GP6,1.154531225503547,True,SIM,False,GP4,False,True,SIM,False,GP2
33.66961701180138,60,Walking,76.75951903807615,23.73,96.665,225,False,GP4,False,GP3,False,GP3,4.658450030600402,True,SIM,False,GP6,1.1040120206111654,True,SIM,False,GP4,False,True,SIM,False,GP2
34.75271654419951,60,Walking,76.89178356713427,23.73,96.665,226,False,GP4,False,GP3,False,GP3,4.348665746748574,True,SIM,False,GP6,1.2264100657471708,True,SIM,False,GP4,False,True,SIM,False,GP2
35.014183923402356,60,Walking,77.0120240480962,23.73,96.665,227,False,GP4,False,GP3,False,GP3,4.397293924008338,True,SIM,False,GP6,1.1628085274211957,True,SIM,False,GP4,False,True,SIM,False,GP2
33.400000000000006,60,Walking,77.07815631262525,23.73,96.665,228,False,GP4,False,GP3,False,GP3,4.554570398486311,True,SIM,False,GP6,1.2195012088422383,True,SIM,False,GP4,False,True,SIM,False,GP2
33.041349365397465,61,Walking,77.14428857715431,23.73,96.665,229,False,GP4,False,GP3,False,GP3,4.7309531652538865,True,SIM,False,GP6,1.1266714798354216,True,SIM,False,GP4,False,True,SIM,False,GP2
35.04067022934758,61,Walking,77.21042084168337,23.73,96.665,230,False,GP4,False,GP3,False,GP3,4.562972410978066,True,SIM,False,GP6,1.2104796934045325,True,SIM,False,GP4,False,True,SIM,False,GP2
35.422222222222224,61,Walking,77.27655310621242,23.73,96.665,231,False,GP4,False,GP3,False,GP3,4.54853365676776,True,SIM,False,GP6,1.2291333920272383,True,SIM,False,GP4,False,True,SIM,False,GP2
35.32803384546871,61,Walking,77.34268537074148,23.73,96.665,232,False,GP4,False,GP3,False,GP3,4.335439080182804,True,SIM,False,GP6,1.1850504654252363,True,SIM,False,GP4,False,True,SIM,False,GP2
35.593364506791374,62,Walking,77.40881763527054,23.73,96.665,233,False,GP4,False,GP3,False,GP3,4.614086284037657,True,SIM,False,GP6,1.1676885545788083,True,SIM,False,GP4,False,True,SIM,False,GP2
34.84915386328211,62,Walking,77.4749498997996,23.73,96.665,234,False,GP4,False,GP3,False,GP3,4.451894866175688,True,SIM,False,GP6,1.2009099331812663,True,SIM,False,GP4,False,True,SIM,False,GP2
35.08888888888888,62,Walking,77.54108216432866,22.88,96.665,235,False,GP4,False,GP3,False,GP3,4.55378655439474,True,SIM,False,GP6,1.217922513550862,True,SIM,False,GP4,False,True,SIM,False,GP2
35.04406590959695,62,Walking,77.60721442885772,22.88,96.665,236,False,GP4,False,GP3,False,GP3,4.5850063747668095,True,SIM,False,GP6,1.1741857110577207,True,SIM,False,GP4,False,True,SIM,False,GP2
34.633188599421075,63,Walking,77.67334669338678,22.88,96.665,237,False,GP4,False,GP3,False,GP3,4.320406094782536,True,SIM,False,GP6,1.223506177679129,True,SIM,False,GP4,False,True,SIM,False,GP2
34.75,63,Walking,77.73947895791584,22.88,96.665,238,False,GP4,False,GP3,False,GP3,4.336490682720196,True,SIM,False,GP6,1.2210972806769353,True,SIM,False,GP4,False,True,SIM,False,GP2
35.08888888888888,63,Walking,77.8056112224449,22.88,96.665,239,False,GP4,False,GP3,False,GP3,4.680630035358727,True,SIM,False,GP6,1.2684528637983898,True,SIM,False,GP4,False,True,SIM,False,GP2
34.77434869739473,63,Walking,77.87174348697394,22.88,96.665,240,False,GP4,False,GP3,False,GP3,4.386849120537949,True,SIM,False,GP6,1.1685392874759317,True,SIM,False,GP4,False,True,SIM,False,GP2
35.968247606323764,64,Walking,77.937875751503,22.88,96.665,241,False,GP4,False,GP3,False,GP3,4.645385592084565,True,SIM,False,GP6,1.274096674311574,True,SIM,False,GP4,False,True,SIM,False,GP2
35.01088844355383,64,Walking,77.68737474949904,22.88,96.665,242,False,GP4,False,GP3,False,GP3,4.4859317896239,True,SIM,False,GP6,1.0410216644373884,True,SIM,False,GP4,False,True,SIM,False,GP2
35.29530171454019,64,Walking,72.52905811623239,22.88,96.665,243,False,GP4,False,GP3,False,GP3,4.6717541609978905,True,SIM,False,GP6,1.2264590330305558,True,SIM,False,GP4,False,True,SIM,False,GP2
32.83631707860168,65,Walking,67.37074148296603,22.88,96.665,244,False,GP4,False,GP3,False,GP3,4.56104816478979,True,SIM,False,GP6,1.2301888458791694,True,SIM,False,GP4,False,True,SIM,False,GP2
35.08888888888888,65,Walking,62.212424849699374,22.961503006012006,96.665,245,False,GP4,False,GP3,False,GP3,4.463037332317778,True,SIM,False,GP6,1.201907310218338,True,SIM,False,GP4,False,True,SIM,False,GP2
35.84804052549542,65,Walking,57.054108216433,23.37,96.665,246,False,GP4,False,GP3,False,GP3,4.4081346740143905,True,SIM,False,GP6,1.2033067094211327,True,SIM,False,GP4,False,True,SIM,False,GP2
36.07894678245381,65,Walking,51.89579158316635,23.37,96.665,247,False,GP4,False,GP3,False,GP3,4.43295159363049,True,SIM,False,GP6,1.2158884246477435,True,SIM,False,GP4,False,True,SIM,False,GP2
36.66600979737251,66,Walking,46.737474949899976,23.37,96.665,248,False,GP4,False,GP3,False,GP3,4.352607805275326,True,SIM,False,GP6,1.2584262219583162,True,SIM,False,GP4,False,True,SIM,False,GP2
35.53020485415273,66,Walking,41.579158316633325,23.37,96.665,249,False,GP4,False,GP3,False,GP3,4.536805231473781,True,SIM,False,GP6,1.2001641589992227,True,SIM,False,GP4,False,True,SIM,False,GP2
35.422222222222224,66,Walking,36.420841683366675,23.37,96.665,250,False,GP4,False,GP3,False,GP3,4.73390417001909,True,SIM,False,GP6,1.2855605416002285,True,SIM,False,GP4,False,True,SIM,False,GP2
35.330950790469785,66,Walking,31.2625250501003,23.37,96.665,251,False,GP4,False,GP3,False,GP3,4.4626693910110715,True,SIM,False,GP6,1.2340812111810078,True,SIM,False,GP4,False,True,SIM,False,GP2
35.06523046092186,67,Walking,26.10420841683365,23.37,96.665,252,False,GP4,False,GP3,False,GP3,4.564293267831308,True,SIM,False,GP6,1.2143110295281363,True,SIM,False,GP4,False,True,SIM,False,GP2
35.59608105099085,67,Walking,20.945891783567276,23.37,96.665,253,False,GP4,False,GP3,False,GP3,4.473420039833688,True,SIM,False,GP6,1.206357319147222,True,SIM,False,GP4,False,True,SIM,False,GP2
35.422222222222224,67,Walking,15.787575150300626,23.37,96.665,254,False,GP4,False,GP3,False,GP3,4.6932000778288545,True,SIM,False,GP6,1.1761550109347552,True,SIM,False,GP4,False,True,SIM,False,GP2
35.818158539300846,67,Walking,10.629258517034259,23.37,96.665,255,False,GP4,False,GP3,False,GP3,4.507376011862698,True,SIM,False,GP6,1.1942357204793588,True,SIM,False,GP4,False,True,SIM,False,GP2
35.68029392117568,68,Walking,5.470941883767608,23.56,96.665,256,False,GP4,False,GP3,False,GP3,4.508301373670493,True,SIM,False,GP6,1.228393632977446,True,SIM,False,GP4,False,True,SIM,False,GP2
35.349777332442606,68,Walking,0.31262525050095746,23.56,96.665,257,False,GP4,False,GP3,False,GP3,4.632175025677785,True,SIM,False,GP6,1.2153528133863487,True,SIM,False,GP4,False,True,SIM,False,GP2
35.82698730794923,68,Resting,0.0,23.56,96.665,258,False,GP4,False,GP3,False,GP3,4.5309508799741645,True,SIM,False,GP6,1.1982658686545078,True,SIM,False,GP4,False,True,SIM,False,GP2
35.10101313738584,69,Resting,0.0,23.56,96.665,259,False,GP4,False,GP3,False,GP3,4.45025792117279,True,SIM,False,GP6,1.1639659049105473,True,SIM,False,GP4,False,True,SIM,False,GP2
35.08888888888888,69,Resting,0.0,23.56,96.665,260,False,GP4,False,GP3,False,GP3,4.501050646395373,True,SIM,False,GP6,1.2775322647760634,True,SIM,False,GP4,False,True,SIM,False,GP2
34.41111111111111,69,Resting,0.0,23.56,96.665,261,False,GP4,False,GP3,False,GP3,4.337187767872616,True,SIM,False,GP6,1.139335744978691,True,SIM,False,GP4,False,True,SIM,False,GP2
34.51829213983524,69,Resting,0.0,23.56,96.665,262,False,GP4,False,GP3,False,GP3,4.427918890420387,True,SIM,False,GP6,1.172766852741238,True,SIM,False,GP4,False,True,SIM,False,GP2
35.76111111111111,70,Resting,0.0,23.56,96.665,263,False,GP4,False,GP3,False,GP3,4.592294155998665,True,SIM,False,GP6,1.1743245096723616,True,SIM,False,GP4,False,True,SIM,False,GP2
34.80388554887555,70,Resting,0.0,23.56,96.665,264,False,GP4,False,GP3,False,GP3,4.661574811183603,True,SIM,False,GP6,1.040174371641248,True,SIM,False,GP4,False,True,SIM,False,GP2
34.806101091071,70,Resting,0.0,23.813226452905855,96.665,265,False,GP4,False,GP3,False,GP3,4.569275913737466,True,SIM,False,GP6,1.2270439312726444,True,SIM,False,GP4,False,True,SIM,False,GP2
35.082743264306366,70,Resting,0.0,23.95,96.665,266,False,GP4,False,GP3,False,GP3,4.4650876319474175,True,SIM,False,GP6,1.2773256432695526,True,SIM,False,GP4,False,True,SIM,False,GP2
34.993130705856146,71,Resting,0.0,23.95,96.665,267,False,GP4,False,GP3,False,GP3,4.517181761835908,True,SIM,False,GP6,1.190441390233657,True,SIM,False,GP4,False,True,SIM,False,GP2
35.37507236695617,71,Resting,0.0,23.95,96.665,268,False,GP4,False,GP3,False,GP3,4.378947681752184,True,SIM,False,GP6,1.171310173853399,True,SIM,False,GP4,False,True,SIM,False,GP2
34.84564684925406,71,Resting,0.0,23.95,96.665,269,False,GP4,False,GP3,False,GP3,4.457894717633362,True,SIM,False,GP6,1.3028371036241582,True,SIM,False,GP4,False,True,SIM,False,GP2
34.968681808060545,71,Resting,0.0,23.95,96.665,270,False,GP4,False,GP3,False,GP3,4.436343060368595,True,SIM,False,GP6,1.262847307478906,True,SIM,False,GP4,False,True,SIM,False,GP2
34.94219550211534,72,Resting,0.0,23.95,96.665,271,False,GP4,False,GP3,False,GP3,4.559224691564569,True,SIM,False,GP6,1.2583548967142755,True,SIM,False,GP4,False,True,SIM,False,GP2
34.527109775105714,72,Resting,0.0,23.95,96.665,272,False,GP4,False,GP3,False,GP3,4.421824011489296,True,SIM,False,GP6,1.1573268826763756,True,SIM,False,GP4,False,True,SIM,False,GP2
34.41382765531062,72,Resting,1.3527054108216419,23.95,96.665,273,False,GP4,False,GP3,False,GP3,4.268006894826945,True,SIM,False,GP6,1.2357563712535307,True,SIM,False,GP4,False,True,SIM,False,GP2
34.75,72,Resting,3.0060120240480437,23.95,96.665,274,False,GP4,False,GP3,False,GP3,4.338533633468729,True,SIM,False,GP6,1.2594544529431149,True,SIM,False,GP4,False,True,SIM,False,GP2
34.75,73,Resting,4.659318637274534,23.95,96.665,275,False,GP4,False,GP3,False,GP3,4.373617636684822,True,SIM,False,GP6,1.2408101745228737,True,SIM,False,GP4,False,True,SIM,False,GP2
33.18675128033847,73,Resting,6.312625250500936,22.54,96.665,276,False,GP4,False,GP3,False,GP3,4.576758159499838,True,SIM,False,GP6,1.1716921543583865,True,SIM,False,GP4,False,True,SIM,False,GP2
34.41111111111111,73,Resting,7.965931863727427,22.54,96.665,277,False,GP4,False,GP3,False,GP3,4.501154804124107,True,SIM,False,GP6,1.252226529154912,True,SIM,False,GP4,False,True,SIM,False,GP2
28.000000000000004,74,Resting,9.619238476953917,22.54,96.665,278,False,GP4,False,GP3,False,GP3,4.47599489596108,True,SIM,False,GP6,1.1960619386950984,True,SIM,False,GP4,False,True,SIM,False,GP2
27.90967490536628,74,Resting,11.27254509018032,22.54,96.665,279,False,GP4,False,GP3,False,GP3,4.512968610048564,True,SIM,False,GP6,1.165039032722797,True,SIM,False,GP4,False,True,SIM,False,GP2
27.809162769984393,74,Resting,12.92585170340681,22.54,96.665,280,False,GP4,False,GP3,False,GP3,4.60662651579594,True,SIM,False,GP6,1.2174168220376531,True,SIM,False,GP4,False,True,SIM,False,GP2
27.091761300378522,74,Resting,14.579158316633212,22.54,96.665,281,False,GP4,False,GP3,False,GP3,4.495463199100406,True,SIM,False,GP6,1.2348992534861822,True,SIM,False,GP4,False,True,SIM,False,GP2
27.11874860832778,75,Resting,16.232464929859702,22.54,96.665,282,False,GP4,False,GP3,False,GP3,4.58377305623639,True,SIM,False,GP6,1.0715479120948614,True,SIM,False,GP4,False,True,SIM,False,GP2
27.401002004008053,75,Resting,17.885771543086193,22.54,96.665,283,False,GP4,False,GP3,False,GP3,4.4484637761254735,True,SIM,False,GP6,1.1837023739802508,True,SIM,False,GP4,False,True,SIM,False,GP2
28.000000000000004,75,Resting,19.539078156312595,22.54,96.665,284,False,GP4,False,GP3,False,GP3,4.638187876085097,True,SIM,False,GP6,1.124030299493489,True,SIM,False,GP4,False,True,SIM,False,GP2
27.169249610331757,76,Resting,21.192384769539085,22.54,96.665,285,False,GP4,False,GP3,False,GP3,4.362307971511719,True,SIM,False,GP6,1.1521378332975887,True,SIM,False,GP4,False,True,SIM,False,GP2
27.489289690492097,76,Resting,22.845691382765487,23.76,96.665,286,False,GP4,False,GP3,False,GP3,4.511509794999442,True,SIM,False,GP6,1.1774120114129394,True,SIM,False,GP4,False,True,SIM,False,GP2
27.322222222222226,76,Resting,24.498997995991978,23.76,96.665,287,False,GP4,False,GP3,False,GP3,4.451218533718225,True,SIM,False,GP6,1.216233024365618,True,SIM,False,GP4,False,True,SIM,False,GP2
27.048341126697842,77,Resting,25.0,23.76,96.665,288,False,GP4,False,GP3,False,GP3,4.64634822721206,True,SIM,False,GP6,1.2114454824882885,True,SIM,False,GP4,False,True,SIM,False,GP2
27.39841906034294,77,Resting,25.0,23.76,96.665,289,False,GP4,False,GP3,False,GP3,4.3467104173542275,True,SIM,False,GP6,1.191973396260161,True,SIM,False,GP4,False,True,SIM,False,GP2
27.45669116009797,77,Resting,25.0,23.76,96.665,290,False,GP4,False,GP3,False,GP3,4.370978288697412,True,SIM,False,GP6,1.1314695446168443,True,SIM,False,GP4,False,True,SIM,False,GP2
27.447183255399715,78,Resting,25.0,23.76,96.665,291,False,GP4,False,GP3,False,GP3,4.339803855827347,True,SIM,False,GP6,1.27827351796344,True,SIM,False,GP4,False,True,SIM,False,GP2
31.23973502560664,78,Resting,25.0,23.76,96.665,292,False,GP4,False,GP3,False,GP3,4.5650824424588485,True,SIM,False,GP6,1.2066776928747112,True,SIM,False,GP4,False,True,SIM,False,GP2
27.069049209530164,78,Resting,25.0,23.76,96.665,293,False,GP4,False,GP3,False,GP3,4.546910791708529,True,SIM,False,GP6,1.2311212890556864,True,SIM,False,GP4,False,True,SIM,False,GP2
34.71808060565578,79,Resting,25.0,23.76,96.665,294,False,GP4,False,GP3,False,GP3,4.538039529421864,True,SIM,False,GP6,1.3100572373910946,True,SIM,False,GP4,False,True,SIM,False,GP2
35.986584279670446,79,Resting,25.0,23.76,96.665,295,False,GP4,False,GP3,False,GP3,4.477322463919773,True,SIM,False,GP6,1.2695093460111724,True,SIM,False,GP4,False,True,SIM,False,GP2
37.66460699176134,80,Resting,25.0,23.76,96.665,296,False,GP4,False,GP3,False,GP3,4.451829156743827,True,SIM,False,GP6,1.177805075590537,True,SIM,False,GP4,False,True,SIM,False,GP2
37.7583277666444,80,Resting,25.0,21.93,96.665,297,False,GP4,False,GP3,False,GP3,4.673324696734548,True,SIM,False,GP6,1.1823169273239538,True,SIM,False,GP4,False,True,SIM,False,GP2
37.68633934535736,80,Resting,25.0,21.93,96.665,298,False,GP4,False,GP3,False,GP3,4.517671305239752,True,SIM,False,GP6,1.2108133554664309,True,SIM,False,GP4,False,True,SIM,False,GP2
37.449999999999996,81,Resting,25.0,21.93,96.665,299,False,GP4,False,GP3,False,GP3,4.409653579720664,True,SIM,False,GP6,1.2338753254896937,True,SIM,False,GP4,False,True,SIM,False,GP2
37.449999999999996,81,Resting,25.0,21.93,96.665,300,False,GP4,False,GP3,False,GP3,4.602468053110087,True,SIM,False,GP6,1.1956232399675262,True,SIM,False,GP4,False,True,SIM,False,GP2
37.449999999999996,82,Resting,25.0,21.93,96.665,301,False,GP4,False,GP3,False,GP3,4.348226308597326,True,SIM,False,GP6,1.229592927606004,True,SIM,False,GP4,False,True,SIM,False,GP2
37.634045869516854,82,Resting,25.0,21.93,96.665,302,False,GP4,False,GP3,False,GP3,4.356957252532947,True,SIM,False,GP6,1.1660203032505154,True,SIM,False,GP4,False,True,SIM,False,GP2
37.449999999999996,83,Resting,25.571142284569124,21.93,96.665,303,False,GP4,False,GP3,False,GP3,4.604169750892699,True,SIM,False,GP6,1.2003510095351069,True,SIM,False,GP4,False,True,SIM,False,GP2
37.30670229347583,83,Resting,26.56312625250502,21.93,96.665,304,False,GP4,False,GP3,False,GP3,4.524989409375809,True,SIM,False,GP6,1.157422984380691,True,SIM,False,GP4,False,True,SIM,False,GP2
37.449999999999996,83,Resting,27.55511022044086,21.93,96.665,305,False,GP4,False,GP3,False,GP3,4.47975229694379,True,SIM,False,GP6,1.1899624427228217,True,SIM,False,GP4,False,True,SIM,False,GP2
36.77222222222222,84,Resting,28.547094188376754,21.93,96.665,306,False,GP4,False,GP3,False,GP3,4.379505782333259,True,SIM,False,GP6,1.1895098897320375,True,SIM,False,GP4,False,True,SIM,False,GP2
37.18377866844802,84,Resting,29.539078156312595,23.49,96.665,307,False,GP4,False,GP3,False,GP3,4.440737593838037,True,SIM,False,GP6,1.3109228647721685,True,SIM,False,GP4,False,True,SIM,False,GP2
37.255767089735016,85,Resting,30.53106212424849,23.49,96.665,308,False,GP4,False,GP3,False,GP3,4.558856684361512,True,SIM,False,GP6,1.2213364238894753,True,SIM,False,GP4,False,True,SIM,False,GP2
37.111111111111114,85,Resting,31.52304609218433,23.49,96.665,309,False,GP4,False,GP3,False,GP3,4.5094040316868105,True,SIM,False,GP6,1.2111758330873632,True,SIM,False,GP4,False,True,SIM,False,GP2
37.111111111111114,86,Resting,32.515030060120225,23.49,96.665,310,False,GP4,False,GP3,False,GP3,4.507691519688237,True,SIM,False,GP6,1.1828701325349564,True,SIM,False,GP4,False,True,SIM,False,GP2
37.089378757515014,87,Resting,33.50701402805612,23.49,96.665,311,False,GP4,False,GP3,False,GP3,4.576250781056552,True,SIM,False,GP6,1.1759554286897957,True,SIM,False,GP4,False,True,SIM,False,GP2
36.53107325762637,87,Resting,34.49899799599196,23.49,96.665,312,False,GP4,False,GP3,False,GP3,4.3806566010657235,True,SIM,False,GP6,1.1745502254494624,True,SIM,False,GP4,False,True,SIM,False,GP2
36.4388888888889,88,Resting,35.49098196392785,23.49,96.665,313,False,GP4,False,GP3,False,GP3,4.549771651227311,True,SIM,False,GP6,1.2233924135143917,True,SIM,False,GP4,False,True,SIM,False,GP2
36.87341349365397,88,Resting,36.482965931863696,23.49,96.665,314,False,GP4,False,GP3,False,GP3,4.487758539624737,True,SIM,False,GP6,1.285722148988678,True,SIM,False,GP4,False,True,SIM,False,GP2
36.74349810732574,89,Resting,37.47494989979959,23.49,96.665,315,False,GP4,False,GP3,False,GP3,4.535508787387285,True,SIM,False,GP6,1.2724676041428111,True,SIM,False,GP4,False,True,SIM,False,GP2
36.77222222222222,89,Resting,38.466933867735435,23.49,96.665,316,False,GP4,False,GP3,False,GP3,4.476336247021836,True,SIM,False,GP6,1.2044974703358682,True,SIM,False,GP4,False,True,SIM,False,GP2
36.659329770652434,90,Resting,39.45891783567133,23.49,96.665,317,False,GP4,False,GP3,False,GP3,4.488617850710524,True,SIM,False,GP6,1.2447453889717985,True,SIM,False,GP4,False,True,SIM,False,GP2
36.4388888888889,90,Resting,40.0,20.83,96.665,318,False,GP4,False,GP3,False,GP3,4.554424235914871,True,SIM,False,GP6,1.1784792371907447,True,SIM,False,GP4,False,True,SIM,False,GP2
36.180138053885564,90,Resting,40.0,20.83,96.665,319,False,GP4,False,GP3,False,GP3,4.316750560184928,True,SIM,False,GP6,1.1961027973600191,True,SIM,False,GP4,False,True,SIM,False,GP2
35.76926074370964,90,Resting,40.0,20.83,96.665,320,False,GP4,False,GP3,False,GP3,4.412792926251688,True,SIM,False,GP6,1.1510328114130304,True,SIM,False,GP4,False,True,SIM,False,GP2
35.82494989979959,90,Resting,40.0,20.83,96.665,321,False,GP4,False,GP3,False,GP3,4.4944053701266675,True,SIM,False,GP6,1.1335184807953615,True,SIM,False,GP4,False,True,SIM,False,GP2
36.032765531062154,90,Resting,40.0,20.83,96.665,322,False,GP4,False,GP3,False,GP3,4.390481476218625,True,SIM,False,GP6,1.2302964363833364,True,SIM,False,GP4,False,True,SIM,False,GP2
35.837853484747264,90,Resting,40.0,20.83,96.665,323,False,GP4,False,GP3,False,GP3,4.517293791952352,True,SIM,False,GP6,1.2365598150428179,True,SIM,False,GP4,False,True,SIM,False,GP2
35.879280783789774,91,Resting,40.0,20.83,96.665,324,False,GP4,False,GP3,False,GP3,4.430026858652421,True,SIM,False,GP6,1.1426741366498652,True,SIM,False,GP4,False,True,SIM,False,GP2
36.425985303941225,91,Resting,40.0,20.83,96.665,325,False,GP4,False,GP3,False,GP3,4.458351918636524,True,SIM,False,GP6,1.2010250425910147,True,SIM,False,GP4,False,True,SIM,False,GP2
36.4388888888889,91,Resting,40.0,20.83,96.665,326,False,GP4,False,GP3,False,GP3,4.545826711136704,True,SIM,False,GP6,1.1666990590722301,True,SIM,False,GP4,False,True,SIM,False,GP2
36.14727232242263,91,Resting,40.0,20.83,96.665,327,False,GP4,False,GP3,False,GP3,4.489967469779346,True,SIM,False,GP6,1.0752884660650055,True,SIM,False,GP4,False,True,SIM,False,GP2
35.87113115119129,91,Resting,40.0,20.83,96.665,328,False,GP4,False,GP3,False,GP3,4.514314430116351,True,SIM,False,GP6,1.2374760922538937,True,SIM,False,GP4,False,True,SIM,False,GP2
36.32479403250947,91,Resting,40.0,20.818156312625245,96.665,329,False,GP4,False,GP3,False,GP3,4.5341456450814155,True,SIM,False,GP6,1.1476998102128328,True,SIM,False,GP4,False,True,SIM,False,GP2
36.03208639501228,91,Resting,40.0,20.8,96.665,330,False,GP4,False,GP3,False,GP3,4.376262882360499,True,SIM,False,GP6,1.2614533461550645,True,SIM,False,GP4,False,True,SIM,False,GP2
36.077209975506584,92,Resting,40.0,20.8,96.665,331,False,GP4,False,GP3,False,GP3,4.439740122440859,True,SIM,False,GP6,1.193757356490402,True,SIM,False,GP4,False,True,SIM,False,GP2
35.77808951235802,92,Resting,40.0,20.8,96.665,332,False,GP4,False,GP3,False,GP3,4.583301157658348,True,SIM,False,GP6,1.232772927908446,True,SIM,False,GP4,False,True,SIM,False,GP2
36.34992206635494,92,Resting,40.17635270541081,20.8,96.665,333,False,GP4,False,GP3,False,GP3,4.485453585594296,True,SIM,False,GP6,1.1845844059532837,True,SIM,False,GP4,False,True,SIM,False,GP2
36.1,92,Resting,40.705410821643284,20.8,96.665,334,False,GP4,False,GP3,False,GP3,4.518018902126618,True,SIM,False,GP6,1.1988280100575768,True,SIM,False,GP4,False,True,SIM,False,GP2
36.044989979959915,93,Resting,41.23446893787573,20.8,96.665,335,False,GP4,False,GP3,False,GP3,4.573511015361186,True,SIM,False,GP6,1.1893906875746394,True,SIM,False,GP4,False,True,SIM,False,GP2
35.76111111111111,93,Resting,41.76352705410821,20.8,96.665,336,False,GP4,False,GP3,False,GP3,4.361015368364137,True,SIM,False,GP6,1.11580507607382,True,SIM,False,GP4,False,True,SIM,False,GP2
35.76111111111111,93,Resting,42.292585170340686,20.8,96.665,337,False,GP4,False,GP3,False,GP3,4.615076759217529,True,SIM,False,GP6,1.3170594696105606,True,SIM,False,GP4,False,True,SIM,False,GP2
35.82902471609887,93,Resting,42.821643286573135,20.8,96.665,338,False,GP4,False,GP3,False,GP3,4.659065119819115,True,SIM,False,GP6,1.1459701386393182,True,SIM,False,GP4,False,True,SIM,False,GP2
35.76111111111111,94,Resting,43.35070140280561,20.8,96.665,339,False,GP4,False,GP3,False,GP3,4.622972477042472,True,SIM,False,GP6,1.1922546157941885,True,SIM,False,GP4,False,True,SIM,False,GP2
35.76111111111111,94,Resting,43.87975951903806,23.29,96.665,340,False,GP4,False,GP3,False,GP3,4.42004776602352,True,SIM,False,GP6,1.2214735598852622,True,SIM,False,GP4,False,True,SIM,False,GP2
35.23451347138723,94,Resting,44.40881763527054,23.29,96.665,341,False,GP4,False,GP3,False,GP3,4.404540653703772,True,SIM,False,GP6,1.1902284263512992,True,SIM,False,GP4,False,True,SIM,False,GP2
35.87995991983968,94,Resting,44.937875751502986,23.29,96.665,342,False,GP4,False,GP3,False,GP3,4.510032541573007,True,SIM,False,GP6,1.3031234490747041,True,SIM,False,GP4,False,True,SIM,False,GP2
35.80797149855268,94,Resting,45.46693386773546,23.29,96.665,343,False,GP4,False,GP3,False,GP3,4.55423475103902,True,SIM,False,GP6,1.266912255330275,True,SIM,False,GP4,False,True,SIM,False,GP2
35.99989979959919,95,Resting,45.99599198396794,23.29,96.665,344,False,GP4,False,GP3,False,GP3,4.557214893643163,True,SIM,False,GP6,1.2502497611972063,True,SIM,False,GP4,False,True,SIM,False,GP2
35.76111111111111,95,Resting,46.52505010020039,23.29,96.665,345,False,GP4,False,GP3,False,GP3,4.451940181148822,True,SIM,False,GP6,1.191919790724364,True,SIM,False,GP4,False,True,SIM,False,GP2
35.76111111111111,95,Resting,47.054108216432866,23.29,96.665,346,False,GP4,False,GP3,False,GP3,4.513210659519085,True,SIM,False,GP6,1.2341166822014704,True,SIM,False,GP4,False,True,SIM,False,GP2
35.08888888888888,95,Resting,47.583166332665314,23.29,96.665,347,False,GP4,False,GP3,False,GP3,4.554531486401124,True,SIM,False,GP6,1.1869321318545683,True,SIM,False,GP4,False,True,SIM,False,GP2
35.99719438877759,95,Resting,48.16833667334669,23.29,96.665,348,False,GP4,False,GP3,False,GP3,4.513722680209394,True,SIM,False,GP6,1.0994860618696127,True,SIM,False,GP4,False,True,SIM,False,GP2
36.1,96,Resting,48.96192384769536,23.29,96.665,349,False,GP4,False,GP3,False,GP3,4.539881602207303,True,SIM,False,GP6,1.2203913783081852,True,SIM,False,GP4,False,True,SIM,False,GP2
35.54039189490093,96,Resting,49.755511022044075,23.58,96.665,350,False,GP4,False,GP3,False,GP3,4.477933777488999,True,SIM,False,GP6,1.2732851237646,True,SIM,False,GP4,False,True,SIM,False,GP2
35.76111111111111,96,Resting,50.54909819639279,23.58,96.665,351,False,GP4,False,GP3,False,GP3,4.634959975693433,True,SIM,False,GP6,1.189102477518457,True,SIM,False,GP4,False,True,SIM,False,GP2
35.76111111111111,96,Resting,51.342685370741464,23.58,96.665,352,False,GP4,False,GP3,False,GP3,4.408589718577189,True,SIM,False,GP6,1.1727569304137073,True,SIM,False,GP4,False,True,SIM,False,GP2
35.08888888888888,96,Resting,52.13627254509018,23.58,96.665,353,False,GP4,False,GP3,False,GP3,4.6186746927216245,True,SIM,False,GP6,1.1384611743429607,True,SIM,False,GP4,False,True,SIM,False,GP2
35.28885548875526,97,Resting,52.92985971943885,23.58,96.665,354,False,GP4,False,GP3,False,GP3,4.663397918318984,True,SIM,False,GP6,1.2088573944076355,True,SIM,False,GP4,False,True,SIM,False,GP2
34.949665998663995,97,Resting,53.72344689378757,23.58,96.665,355,False,GP4,False,GP3,False,GP3,4.410833353194486,True,SIM,False,GP6,1.113926941078747,True,SIM,False,GP4,False,True,SIM,False,GP2
35.29397684257387,97,Resting,54.51703406813624,23.58,96.665,356,False,GP4,False,GP3,False,GP3,4.565174874233011,True,SIM,False,GP6,1.1968494217852317,True,SIM,False,GP4,False,True,SIM,False,GP2
36.383199732798936,97,Resting,55.310621242484956,23.58,96.665,357,False,GP4,False,GP3,False,GP3,4.669720395606054,True,SIM,False,GP6,1.198420261050834,True,SIM,False,GP4,False,True,SIM,False,GP2
36.11629926519704,98,Resting,56.10420841683367,23.58,96.665,358,False,GP4,False,GP3,False,GP3,4.474419214823668,True,SIM,False,GP6,1.1833464637825877,True,SIM,False,GP4,False,True,SIM,False,GP2
36.35060120240481,98,Resting,56.897795591182344,23.58,96.665,359,False,GP4,False,GP3,False,GP3,4.716029360140857,True,SIM,False,GP6,1.1400758919215346,True,SIM,False,GP4,False,True,SIM,False,GP2
36.118336673346725,98,Resting,57.69138276553106,23.36,96.665,360,False,GP4,False,GP3,False,GP3,4.495597666926104,True,SIM,False,GP6,1.2150258666392735,True,SIM,False,GP4,False,True,SIM,False,GP2
36.1,98,Resting,58.48496993987973,23.36,96.665,361,False,GP4,False,GP3,False,GP3,4.519091835489276,True,SIM,False,GP6,1.2148610940716793,True,SIM,False,GP4,False,True,SIM,False,GP2
36.1,99,Resting,59.27855711422845,23.36,96.665,362,False,GP4,False,GP3,False,GP3,4.39932683682087,True,SIM,False,GP6,1.212028810869052,True,SIM,False,GP4,False,True,SIM,False,GP2
36.137352482743275,99,Resting,60.04208416833666,23.36,96.665,363,False,GP4,False,GP3,False,GP3,4.4569722543966055,True,SIM,False,GP6,1.2672275522106655,True,SIM,False,GP4,False,True,SIM,False,GP2
36.110866176798076,99,Resting,60.505010020040075,23.36,96.665,364,False,GP4,False,GP3,False,GP3,4.497279956624262,True,SIM,False,GP6,1.2398479410503804,True,SIM,False,GP4,False,True,SIM,False,GP2
36.4388888888889,99,Resting,60.96793587174349,23.36,96.665,365,False,GP4,False,GP3,False,GP3,4.450851159551863,True,SIM,False,GP6,1.2109699959965634,True,SIM,False,GP4,False,True,SIM,False,GP2
36.18557114228458,99,Resting,61.43086172344688,23.36,96.665,366,False,GP4,False,GP3,False,GP3,4.411685836373228,True,SIM,False,GP6,1.2037815514942243,True,SIM,False,GP4,False,True,SIM,False,GP2
36.411723446893824,99,Resting,61.8937875751503,23.36,96.665,367,False,GP4,False,GP3,False,GP3,4.563675772726922,True,SIM,False,GP6,1.229671555343631,True,SIM,False,GP4,False,True,SIM,False,GP2
36.158405700289464,99,Resting,62.35671342685369,23.36,96.665,368,False,GP4,False,GP3,False,GP3,4.610767042157686,True,SIM,False,GP6,1.219714727822074,True,SIM,False,GP4,False,True,SIM,False,GP2
35.422222222222224,100,Resting,62.819639278557105,23.36,96.665,369,False,GP4,False,GP3,False,GP3,4.467479516220639,True,SIM,False,GP6,1.1584702739398263,True,SIM,False,GP4,False,True,SIM,False,GP2
35.963493653974616,100,Resting,63.2825651302605,22.88,96.665,370,False,GP4,False,GP3,False,GP3,4.594570829268624,True,SIM,False,GP6,1.142087648160691,True,SIM,False,GP4,False,True,SIM,False,GP2
36.4388888888889,100,Resting,63.74549098196392,22.88,96.665,371,False,GP4,False,GP3,False,GP3,4.40542406384147,True,SIM,False,GP6,1.3119378504257382,True,SIM,False,GP4,False,True,SIM,False,GP2
35.783400133600544,100,Resting,64.20841683366734,22.88,96.665,372,False,GP4,False,GP3,False,GP3,4.4281954198688425,True,SIM,False,GP6,1.2297896158877148,True,SIM,False,GP4,False,True,SIM,False,GP2
36.02054108216435,100,Resting,64.67134268537073,22.88,96.665,373,False,GP4,False,GP3,False,GP3,4.346765182092382,True,SIM,False,GP6,1.1922345921288353,True,SIM,False,GP4,False,True,SIM,False,GP2
36.40041193498108,100,Resting,65.13426853707415,22.88,96.665,374,False,GP4,False,GP3,False,GP3,4.372009215748459,True,SIM,False,GP6,1.1399412046499948,True,SIM,False,GP4,False,True,SIM,False,GP2
36.2154531284792,100,Resting,65.59719438877754,22.88,96.665,375,False,GP4,False,GP3,False,GP3,4.5634400048579185,True,SIM,False,GP6,1.2022924133348707,True,SIM,False,GP4,False,True,SIM,False,GP2
35.80457581830327,100,Resting,66.06012024048096,22.88,96.665,376,False,GP4,False,GP3,False,GP3,4.582516747695058,True,SIM,False,GP6,1.2238979192610946,True,SIM,False,GP4,False,True,SIM,False,GP2
36.71564239590293,100,Resting,66.52304609218434,22.88,96.665,377,False,GP4,False,GP3,False,GP3,4.654073454618842,True,SIM,False,GP6,1.1492394699361406,True,SIM,False,GP4,False,True,SIM,False,GP2
35.62324649298599,101,Resting,66.98597194388776,22.88,96.665,378,False,GP4,False,GP3,False,GP3,4.544687007702634,True,SIM,False,GP6,1.163249060254286,True,SIM,False,GP4,False,True,SIM,False,GP2
35.76722333556,101,Resting,67.38476953907815,22.88,96.665,379,False,GP4,False,GP3,False,GP3,4.495508304354321,True,SIM,False,GP6,1.1990636188242965,True,SIM,False,GP4,False,True,SIM,False,GP2
36.1,101,Resting,67.7815631262525,23.55,96.665,380,False,GP4,False,GP3,False,GP3,4.617374513957179,True,SIM,False,GP6,1.2472051824468338,True,SIM,False,GP4,False,True,SIM,False,GP2
36.416477399242936,101,Resting,68.17835671342685,23.55,96.665,381,False,GP4,False,GP3,False,GP3,4.667482625739746,True,SIM,False,GP6,1.2521020742262519,True,SIM,False,GP4,False,True,SIM,False,GP2
35.66276998441324,101,Resting,68.5751503006012,23.55,96.665,382,False,GP4,False,GP3,False,GP3,4.454137626018071,True,SIM,False,GP6,1.187302898505205,True,SIM,False,GP4,False,True,SIM,False,GP2
35.73729681585394,102,Resting,68.97194388777555,23.55,96.665,383,False,GP4,False,GP3,False,GP3,4.523146166559556,True,SIM,False,GP6,1.152071352638105,True,SIM,False,GP4,False,True,SIM,False,GP2
35.906446225784926,102,Resting,69.36873747494988,23.55,96.665,384,False,GP4,False,GP3,False,GP3,4.49672118564708,True,SIM,False,GP6,1.2755184479913695,True,SIM,False,GP4,False,True,SIM,False,GP2
35.56891560899577,102,Resting,69.76553106212424,23.55,96.665,385,False,GP4,False,GP3,False,GP3,4.520037689112663,True,SIM,False,GP6,1.1016367605012707,True,SIM,False,GP4,False,True,SIM,False,GP2
35.762469383210885,102,Resting,70.1623246492986,23.55,96.665,386,False,GP4,False,GP3,False,GP3,4.503872783370876,True,SIM,False,GP6,1.232081238831854,True,SIM,False,GP4,False,True,SIM,False,GP2
36.36825873970163,103,Resting,70.55911823647293,23.55,96.665,387,False,GP4,False,GP3,False,GP3,4.337200066192372,True,SIM,False,GP6,1.2196091560058477,True,SIM,False,GP4,False,True,SIM,False,GP2
36.1,103,Resting,70.95591182364728,23.55,96.665,388,False,GP4,False,GP3,False,GP3,4.5513585344098315,True,SIM,False,GP6,1.1742721185079759,True,SIM,False,GP4,False,True,SIM,False,GP2
35.76111111111111,104,Resting,71.35270541082163,23.55,96.665,389,False,GP4,False,GP3,False,GP3,4.50947514483336,True,SIM,False,GP6,1.1840455871995514,True,SIM,False,GP4,False,True,SIM,False,GP2
36.047706524159416,104,Resting,71.74949899799599,23.13697394789574,96.665,390,False,GP4,False,GP3,False,GP3,4.461638830717373,True,SIM,False,GP6,1.2359916994184483,True,SIM,False,GP4,False,True,SIM,False,GP2
35.78080605655757,105,Resting,72.14629258517034,23.1,96.665,391,False,GP4,False,GP3,False,GP3,4.547714903337532,True,SIM,False,GP6,1.1548568637927765,True,SIM,False,GP4,False,True,SIM,False,GP2
35.85279447784457,105,Resting,72.54308617234469,23.1,96.665,392,False,GP4,False,GP3,False,GP3,4.4666855871133855,True,SIM,False,GP6,1.1225369311795785,True,SIM,False,GP4,False,True,SIM,False,GP2
35.74956579826322,106,Resting,72.93987975951904,23.1,96.665,393,False,GP4,False,GP3,False,GP3,4.2773884247031315,True,SIM,False,GP6,1.2141255092339425,True,SIM,False,GP4,False,True,SIM,False,GP2
36.1,106,Resting,73.0,23.1,96.665,394,False,GP4,False,GP3,False,GP3,4.3897262294149,True,SIM,False,GP6,1.1895437747294986,True,SIM,False,GP4,False,True,SIM,False,GP2
36.469617011801375,107,Resting,73.0,23.1,96.665,395,False,GP4,False,GP3,False,GP3,4.4108301290995025,True,SIM,False,GP6,1.2547649362463342,True,SIM,False,GP4,False,True,SIM,False,GP2
36.05925183700735,108,Resting,73.0,23.1,96.665,396,False,GP4,False,GP3,False,GP3,4.477686843842822,True,SIM,False,GP6,1.257953023222237,True,SIM,False,GP4,False,True,SIM,False,GP2
35.6476953907816,108,Resting,73.0,23.1,96.665,397,False,GP4,False,GP3,False,GP3,4.357520545931917,True,SIM,False,GP6,1.2665890601497825,True,SIM,False,GP4,False,True,SIM,False,GP2
35.73054998886663,108,Resting,73.0,23.1,96.665,398,False,GP4,False,GP3,False,GP3,4.546908053929815,True,SIM,False,GP6,1.199718898574973,True,SIM,False,GP4,False,True,SIM,False,GP2
35.67893564907591,109,Resting,73.0,23.1,96.665,399,False,GP4,False,GP3,False,GP3,4.312964693619189,True,SIM,False,GP6,1.1049524920563745,True,SIM,False,GP4,False,True,SIM,False,GP2
35.422222222222224,109,Resting,73.0,23.94,96.665,400,False,GP4,False,GP3,False,GP3,4.546970027542787,True,SIM,False,GP6,1.1699957599546345,True,SIM,False,GP4,False,True,SIM,False,GP2
35.76111111111111,109,Resting,73.0,23.94,96.665,401,False,GP4,False,GP3,False,GP3,4.579838413700093,True,SIM,False,GP6,1.2302012442160608,True,SIM,False,GP4,False,True,SIM,False,GP2
35.156835894010236,109,Resting,73.0,23.94,96.665,402,False,GP4,False,GP3,False,GP3,4.415112321041,True,SIM,False,GP6,1.2231668120362649,True,SIM,False,GP4,False,True,SIM,False,GP2
35.89422177688712,110,Resting,73.0,23.94,96.665,403,False,GP4,False,GP3,False,GP3,4.585297615474003,True,SIM,False,GP6,1.2137097271289112,True,SIM,False,GP4,False,True,SIM,False,GP2
35.578746381652216,110,Resting,73.0,23.94,96.665,404,False,GP4,False,GP3,False,GP3,4.510662902356491,True,SIM,False,GP6,1.3249991594534551,True,SIM,False,GP4,False,True,SIM,False,GP2
35.38980182587401,110,Resting,73.0,23.94,96.665,405,False,GP4,False,GP3,False,GP3,4.595185534726457,True,SIM,False,GP6,1.2575949179840062,True,SIM,False,GP4,False,True,SIM,False,GP2
34.75,110,Resting,73.0,23.94,96.665,406,False,GP4,False,GP3,False,GP3,4.508555290810522,True,SIM,False,GP6,1.1541736955938526,True,SIM,False,GP4,False,True,SIM,False,GP2
35.57706524159429,111,Resting,73.0,23.94,96.665,407,False,GP4,False,GP3,False,GP3,4.5304501311154,True,SIM,False,GP6,1.2383642089200253,True,SIM,False,GP4,False,True,SIM,False,GP2
35.422222222222224,111,Resting,73.0,23.94,96.665,408,False,GP4,False,GP3,False,GP3,4.396474919318109,True,SIM,False,GP6,1.2476859072552702,True,SIM,False,GP4,False,True,SIM,False,GP2
34.79006902694278,111,Resting,73.0,23.94,96.665,409,False,GP4,False,GP3,False,GP3,4.448824164556594,True,SIM,False,GP6,1.2379044452001704,True,SIM,False,GP4,False,True,SIM,False,GP2
34.81331551992878,111,Resting,73.0,23.61134268537053,96.665,410,False,GP4,False,GP3,False,GP3,4.671599168054365,True,SIM,False,GP6,1.1523375550505222,True,SIM,False,GP4,False,True,SIM,False,GP2
34.75,112,Resting,73.0,23.12,96.665,411,False,GP4,False,GP3,False,GP3,4.275293650776395,True,SIM,False,GP6,1.2319617141619172,True,SIM,False,GP4,False,True,SIM,False,GP2
34.7629035849477,112,Resting,73.0,23.12,96.665,412,False,GP4,False,GP3,False,GP3,4.5423269269204765,True,SIM,False,GP6,1.16047708495417,True,SIM,False,GP4,False,True,SIM,False,GP2
34.997884658205294,112,Resting,73.0,23.12,96.665,413,False,GP4,False,GP3,False,GP3,4.66771076998039,True,SIM,False,GP6,1.172544939566049,True,SIM,False,GP4,False,True,SIM,False,GP2
35.72339122689821,113,Resting,73.0,23.12,96.665,414,False,GP4,False,GP3,False,GP3,4.455024612127623,True,SIM,False,GP6,1.2841292652885148,True,SIM,False,GP4,False,True,SIM,False,GP2
35.47519483411267,113,Resting,73.0,23.12,96.665,415,False,GP4,False,GP3,False,GP3,4.558831209816803,True,SIM,False,GP6,1.1803664724871261,True,SIM,False,GP4,False,True,SIM,False,GP2
35.54718325539967,113,Resting,73.0,23.12,96.665,416,False,GP4,False,GP3,False,GP3,4.477068635621811,True,SIM,False,GP6,1.273564080323894,True,SIM,False,GP4,False,True,SIM,False,GP2
35.564161656646625,113,Resting,73.0,23.12,96.665,417,False,GP4,False,GP3,False,GP3,4.464914587510117,True,SIM,False,GP6,1.2818375538815676,True,SIM,False,GP4,False,True,SIM,False,GP2
34.88875528835451,114,Resting,73.0,23.12,96.665,418,False,GP4,False,GP3,False,GP3,4.3676340068297,True,SIM,False,GP6,1.1872733753626685,True,SIM,False,GP4,False,True,SIM,False,GP2
35.42021821420619,114,Resting,73.0,23.12,96.665,419,False,GP4,False,GP3,False,GP3,4.498712668485261,True,SIM,False,GP6,1.1606046501248188,True,SIM,False,GP4,False,True,SIM,False,GP2
35.422222222222224,114,Resting,73.0,23.12,96.665,420,False,GP4,False,GP3,False,GP3,4.596706960834855,True,SIM,False,GP6,1.2061108593555836,True,SIM,False,GP4,False,True,SIM,False,GP2
34.36741260298377,114,Resting,73.0,22.9,96.665,421,False,GP4,False,GP3,False,GP3,4.657908821554418,True,SIM,False,GP6,1.2538949861254498,True,SIM,False,GP4,False,True,SIM,False,GP2
34.75,114,Resting,73.0,22.9,96.665,422,False,GP4,False,GP3,False,GP3,4.61792981968548,True,SIM,False,GP6,1.1338939689059147,True,SIM,False,GP4,False,True,SIM,False,GP2
35.039991093297715,114,Resting,73.0,22.9,96.665,423,False,GP4,False,GP3,False,GP3,4.628654748949493,True,SIM,False,GP6,1.2009651763887195,True,SIM,False,GP4,False,True,SIM,False,GP2
35.08888888888888,114,Walking,73.0,22.9,96.665,424,False,GP4,False,GP3,False,GP3,4.538005625277636,True,SIM,False,GP6,1.1456574625072466,True,SIM,False,GP4,False,True,SIM,False,GP2
34.89873079492315,114,Walking,73.0,22.9,96.665,425,False,GP4,False,GP3,False,GP3,4.606195955996942,True,SIM,False,GP6,1.2142804655423474,True,SIM,False,GP4,False,True,SIM,False,GP2
34.58293253173013,115,Walking,73.0,22.9,96.665,426,False,GP4,False,GP3,False,GP3,4.52906996888035,True,SIM,False,GP6,1.1890081591469137,True,SIM,False,GP4,False,True,SIM,False,GP2
35.08888888888888,115,Walking,73.0,22.9,96.665,427,False,GP4,False,GP3,False,GP3,4.380009258432383,True,SIM,False,GP6,1.1766833768443377,True,SIM,False,GP4,False,True,SIM,False,GP2
35.061044310843904,115,Walking,73.0,22.9,96.665,428,False,GP4,False,GP3,False,GP3,4.709702975294604,True,SIM,False,GP6,1.1560173275099037,True,SIM,False,GP4,False,True,SIM,False,GP2
34.6624359830773,115,Walking,73.0,22.9,96.665,429,False,GP4,False,GP3,False,GP3,4.4841498170917635,True,SIM,False,GP6,1.2423955451340305,True,SIM,False,GP4,False,True,SIM,False,GP2
33.84551324871966,115,Walking,73.0,22.9,96.665,430,False,GP4,False,GP3,False,GP3,4.478892311693747,True,SIM,False,GP6,1.1462404512915654,True,SIM,False,GP4,False,True,SIM,False,GP2
33.927009574704954,115,Walking,73.0,23.29,96.665,431,False,GP4,False,GP3,False,GP3,4.521498875653641,True,SIM,False,GP6,1.2673494740619895,True,SIM,False,GP4,False,True,SIM,False,GP2
35.0101091071031,115,Walking,73.0,23.29,96.665,432,False,GP4,False,GP3,False,GP3,4.57500638135021,True,SIM,False,GP6,1.167612559966115,True,SIM,False,GP4,False,True,SIM,False,GP2
34.75679136049879,115,Walking,73.0,23.29,96.665,433,False,GP4,False,GP3,False,GP3,4.379038202984031,True,SIM,False,GP6,1.230961410861191,True,SIM,False,GP4,False,True,SIM,False,GP2
33.20547762191047,115,Walking,73.0,23.29,96.665,434,False,GP4,False,GP3,False,GP3,4.443137494822973,True,SIM,False,GP6,1.0750826950602392,True,SIM,False,GP4,False,True,SIM,False,GP2
33.94649298597191,115,Walking,73.0,23.29,96.665,435,False,GP4,False,GP3,False,GP3,4.4827698707740025,True,SIM,False,GP6,1.2349114679249282,True,SIM,False,GP4,False,True,SIM,False,GP2
35.29463371186819,115,Walking,73.0,23.29,96.665,436,False,GP4,False,GP3,False,GP3,4.432763753387656,True,SIM,False,GP6,1.2602637414775777,True,SIM,False,GP4,False,True,SIM,False,GP2
35.422222222222224,115,Walking,73.0,23.29,96.665,437,False,GP4,False,GP3,False,GP3,4.560523723141999,True,SIM,False,GP6,1.1662104914373683,True,SIM,False,GP4,False,True,SIM,False,GP2
35.117178802048564,115,Walking,73.0,23.29,97.942,438,False,GP4,False,GP3,False,GP3,4.5570571211390405,True,SIM,False,GP6,1.1548995207395982,True,SIM,False,GP4,False,True,SIM,False,GP2
35.337385882876866,115,Walking,73.06412825651302,23.29,97.942,439,False,GP4,False,GP3,False,GP3,4.3590471813709355,True,SIM,False,GP6,1.237409269626242,True,SIM,False,GP4,False,True,SIM,False,GP2
34.90823869962148,115,Walking,73.19639278557113,23.29,97.942,440,False,GP4,False,GP3,False,GP3,4.478698488132509,True,SIM,False,GP6,1.1720429915521957,True,SIM,False,GP4,False,True,SIM,False,GP2
35.31534179470051,115,Walking,73.32865731462925,23.94,97.942,441,False,GP4,False,GP3,False,GP3,4.622151445207627,True,SIM,False,GP6,1.3040353385747483,True,SIM,False,GP4,False,True,SIM,False,GP2
34.786673346693405,115,Walking,73.46092184368737,23.94,97.942,442,False,GP4,False,GP3,False,GP3,4.4321567451673305,True,SIM,False,GP6,1.1343949018262758,True,SIM,False,GP4,False,True,SIM,False,GP2
34.446426185704745,115,Walking,73.59318637274549,23.94,97.942,443,False,GP4,False,GP3,False,GP3,4.40900138044482,True,SIM,False,GP6,1.2841258422585133,True,SIM,False,GP4,False,True,SIM,False,GP2
34.85730349588063,115,Walking,73.72545090180361,23.94,97.942,444,False,GP4,False,GP3,False,GP3,4.4238345511152595,True,SIM,False,GP6,1.1952217402296421,True,SIM,False,GP4,False,True,SIM,False,GP2
35.62382542863506,115,Walking,73.85771543086173,23.94,97.942,445,False,GP4,False,GP3,False,GP3,4.590841665894591,True,SIM,False,GP6,1.2683160052536102,True,SIM,False,GP4,False,True,SIM,False,GP2
35.49972166555329,115,Walking,73.98997995991984,23.94,97.942,446,False,GP4,False,GP3,False,GP3,4.473620347171494,True,SIM,False,GP6,1.158717774628309,True,SIM,False,GP4,False,True,SIM,False,GP2
35.45346248051658,115,Walking,74.12224448897796,23.94,97.942,447,False,GP4,False,GP3,False,GP3,4.616785170393037,True,SIM,False,GP6,1.2661762587072822,True,SIM,False,GP4,False,True,SIM,False,GP2
34.52384769539076,115,Walking,74.25450901803606,23.94,97.942,448,False,GP4,False,GP3,False,GP3,4.463764025917684,True,SIM,False,GP6,1.2059661678027955,True,SIM,False,GP4,False,True,SIM,False,GP2
34.656290358494715,115,Walking,74.38677354709418,23.94,97.942,449,False,GP4,False,GP3,False,GP3,4.333857102088722,True,SIM,False,GP6,1.1539054189842886,True,SIM,False,GP4,False,True,SIM,False,GP2
33.122912491649956,115,Walking,74.5190380761523,23.94,97.942,450,False,GP4,False,GP3,False,GP3,4.498375456460437,True,SIM,False,GP6,1.2874547166428947,True,SIM,False,GP4,False,True,SIM,False,GP2
35.08888888888888,115,Walking,74.65130260521042,22.89,97.942,451,False,GP4,False,GP3,False,GP3,4.697834336152743,True,SIM,False,GP6,1.191850531819845,True,SIM,False,GP4,False,True,SIM,False,GP2
36.094566911600985,115,Walking,74.78356713426854,22.89,97.942,452,False,GP4,False,GP3,False,GP3,4.568148872548749,True,SIM,False,GP6,1.2213389661201601,True,SIM,False,GP4,False,True,SIM,False,GP2
36.4388888888889,115,Walking,74.91583166332666,22.89,97.942,453,False,GP4,False,GP3,False,GP3,4.419031043729744,True,SIM,False,GP6,1.2503695122232121,True,SIM,False,GP4,False,True,SIM,False,GP2
36.625261634379875,115,Walking,75.04809619238478,22.89,97.942,454,False,GP4,False,GP3,False,GP3,4.528149634231689,True,SIM,False,GP6,1.2171871258870608,True,SIM,False,GP4,False,True,SIM,False,GP2
36.08641727900251,115,Walking,75.18036072144288,22.89,97.942,455,False,GP4,False,GP3,False,GP3,4.680567408179537,True,SIM,False,GP6,1.183629682768711,True,SIM,False,GP4,False,True,SIM,False,GP2
35.422222222222224,115,Walking,75.312625250501,22.89,97.942,456,False,GP4,False,GP3,False,GP3,4.27397230399233,True,SIM,False,GP6,1.2314672299323561,True,SIM,False,GP4,False,True,SIM,False,GP2
34.49013582720992,115,Walking,75.4448897795591,22.89,97.942,457,False,GP4,False,GP3,False,GP3,4.395213968237241,True,SIM,False,GP6,1.1985748811562125,True,SIM,False,GP4,False,True,SIM,False,GP2
35.14228456913828,115,Walking,75.57715430861722,22.89,97.942,458,False,GP4,False,GP3,False,GP3,4.505221816264974,True,SIM,False,GP6,1.2730894295657695,True,SIM,False,GP4,False,True,SIM,False,GP2
35.422222222222224,115,Walking,75.70941883767534,22.89,97.942,459,False,GP4,False,GP3,False,GP3,4.522698762623383,True,SIM,False,GP6,1.2310442348829769,True,SIM,False,GP4,False,True,SIM,False,GP2
35.907125361834794,116,Walking,75.84168336673346,22.89,97.942,460,False,GP4,False,GP3,False,GP3,4.600589621018464,True,SIM,False,GP6,1.1835951020281048,True,SIM,False,GP4,False,True,SIM,False,GP2
36.0755511022044,116,Walking,75.97394789579158,22.822525050100303,97.942,461,False,GP4,False,GP3,False,GP3,4.495330628731198,True,SIM,False,GP6,1.167751839694396,True,SIM,False,GP4,False,True,SIM,False,GP2
35.91062124248494,116,Walking,76.1062124248497,22.52,97.942,462,False,GP4,False,GP3,False,GP3,4.459133973731948,True,SIM,False,GP6,1.1441710945231722,True,SIM,False,GP4,False,True,SIM,False,GP2
35.88063905588959,116,Walking,76.23847695390782,22.52,97.942,463,False,GP4,False,GP3,False,GP3,4.523730573040078,True,SIM,False,GP6,1.1583180508714899,True,SIM,False,GP4,False,True,SIM,False,GP2
35.76111111111111,116,Walking,76.37074148296593,22.52,97.09,464,False,GP4,False,GP3,False,GP3,4.520891318234368,True,SIM,False,GP6,1.1895053961173196,True,SIM,False,GP4,False,True,SIM,False,GP2
35.611578712981505,116,Walking,76.50300601202404,22.52,97.09,465,False,GP4,False,GP3,False,GP3,4.355353108499197,True,SIM,False,GP6,1.1340340832489404,True,SIM,False,GP4,False,True,SIM,False,GP2
35.08888888888888,116,Walking,76.63527054108216,22.52,97.09,466,False,GP4,False,GP3,False,GP3,4.557213270936963,True,SIM,False,GP6,1.2775478904512476,True,SIM,False,GP4,False,True,SIM,False,GP2
34.343642841238,116,Walking,76.76753507014027,22.52,97.09,467,False,GP4,False,GP3,False,GP3,4.671763007587672,True,SIM,False,GP6,1.1323378060601166,True,SIM,False,GP4,False,True,SIM,False,GP2
35.16943887775556,116,Walking,76.89979959919839,22.52,97.09,468,False,GP4,False,GP3,False,GP3,4.5789929552505075,True,SIM,False,GP6,1.1646983879715058,True,SIM,False,GP4,False,True,SIM,False,GP2
35.548541527499445,116,Walking,77.06412825651302,22.52,97.09,469,False,GP4,False,GP3,False,GP3,4.440733343893183,True,SIM,False,GP6,1.21008613015849,True,SIM,False,GP4,False,True,SIM,False,GP2
35.31445112447113,116,Walking,77.32865731462925,22.52,97.09,470,False,GP4,False,GP3,False,GP3,4.5289240838759435,True,SIM,False,GP6,1.2502441599445058,True,SIM,False,GP4,False,True,SIM,False,GP2
35.743453573814335,116,Walking,77.59318637274548,23.868817635270243,97.09,471,False,GP4,False,GP3,False,GP3,4.449640851584498,True,SIM,False,GP6,1.126182577882555,True,SIM,False,GP4,False,True,SIM,False,GP2
34.75,116,Walking,77.85771543086172,23.98,97.09,472,False,GP4,False,GP3,False,GP3,4.409987128866856,True,SIM,False,GP6,1.2411522947245068,True,SIM,False,GP4,False,True,SIM,False,GP2
34.92725450901803,116,Walking,78.12224448897796,23.98,97.09,473,False,GP4,False,GP3,False,GP3,4.4766322852185025,True,SIM,False,GP6,1.2116054813844241,True,SIM,False,GP4,False,True,SIM,False,GP2
34.9588065018927,116,Walking,78.38677354709418,23.98,97.09,474,False,GP4,False,GP3,False,GP3,4.5971503393693505,True,SIM,False,GP6,1.1559227924727047,True,SIM,False,GP4,False,True,SIM,False,GP2
35.35621242484964,116,Walking,78.65130260521042,23.98,97.09,475,False,GP4,False,GP3,False,GP3,4.466227940452956,True,SIM,False,GP6,1.146053178892957,True,SIM,False,GP4,False,True,SIM,False,GP2
34.75,116,Walking,78.91583166332664,23.98,97.09,476,False,GP4,False,GP3,False,GP3,4.555206755986968,True,SIM,False,GP6,1.128876056851919,True,SIM,False,GP4,False,True,SIM,False,GP2
34.64790692496099,116,Walking,79.18036072144288,23.98,97.09,477,False,GP4,False,GP3,False,GP3,4.357347897780099,True,SIM,False,GP6,1.18969112047431,True,SIM,False,GP4,False,True,SIM,False,GP2
34.75,116,Walking,79.4448897795591,23.98,97.09,478,False,GP4,False,GP3,False,GP3,4.361299546821896,True,SIM,False,GP6,1.2338000741666204,True,SIM,False,GP4,False,True,SIM,False,GP2
34.920463148519204,116,Walking,79.70941883767534,23.98,96.406,479,False,GP4,False,GP3,False,GP3,4.547113727508657,True,SIM,False,GP6,1.2662459765687148,True,SIM,False,GP4,False,True,SIM,False,GP2
34.75,116,Walking,79.97394789579158,23.98,96.406,480,False,GP4,False,GP3,False,GP3,4.420533146872725,True,SIM,False,GP6,1.2998651104178753,True,SIM,False,GP4,False,True,SIM,False,GP2
34.511923847695336,116,Walking,80.2384769539078,23.82,96.406,481,False,GP4,False,GP3,False,GP3,4.4988356946092605,True,SIM,False,GP6,1.1856619273812776,True,SIM,False,GP4,False,True,SIM,False,GP2
33.585960810509896,116,Walking,80.50300601202404,23.82,96.406,482,False,GP4,False,GP3,False,GP3,4.454043189939924,True,SIM,False,GP6,1.2015270584221467,True,SIM,False,GP4,False,True,SIM,False,GP2
30.556735693609852,116,Walking,80.76753507014027,23.82,96.406,483,False,GP4,False,GP3,False,GP3,4.528733548660619,True,SIM,False,GP6,1.225204722201546,True,SIM,False,GP4,False,True,SIM,False,GP2
28.000000000000004,116,Walking,81.0,23.82,96.406,484,False,GP4,False,GP3,False,GP3,4.565654351508157,True,SIM,False,GP6,1.337589220523725,True,SIM,False,GP4,False,True,SIM,False,GP2
27.652282342462687,116,Walking,81.0,23.82,96.406,485,False,GP4,False,GP3,False,GP3,4.46027019476813,True,SIM,False,GP6,1.117161361571173,True,SIM,False,GP4,False,True,SIM,False,GP2
28.096437319082604,116,Walking,81.0,23.82,96.406,486,False,GP4,False,GP3,False,GP3,4.535880952096686,True,SIM,False,GP6,1.154733350547009,True,SIM,False,GP4,False,True,SIM,False,GP2
27.597606323758562,116,Walking,81.0,23.82,96.406,487,False,GP4,False,GP3,False,GP3,4.6356483727072,True,SIM,False,GP6,1.144740420684152,True,SIM,False,GP4,False,True,SIM,False,GP2
27.434791805833825,116,Walking,81.0,23.82,96.406,488,False,GP4,False,GP3,False,GP3,4.391212768220447,True,SIM,False,GP6,1.2255359927385445,True,SIM,False,GP4,False,True,SIM,False,GP2
27.91578712981524,116,Walking,81.0,23.82,96.406,489,False,GP4,False,GP3,False,GP3,4.318015254747053,True,SIM,False,GP6,1.1270420749844838,True,SIM,False,GP4,False,True,SIM,False,GP2
27.91084391004229,116,Walking,81.0,23.82,96.406,490,False,GP4,False,GP3,False,GP3,4.466038408206808,True,SIM,False,GP6,1.2280930439101487,True,SIM,False,GP4,False,True,SIM,False,GP2
27.525963037185463,116,Walking,81.0,23.82,96.406,491,False,GP4,False,GP3,False,GP3,4.672322432994289,True,SIM,False,GP6,1.224097436139892,True,SIM,False,GP4,False,True,SIM,False,GP2
27.322222222222226,116,Walking,81.0,22.69,96.19200000000001,492,False,GP4,False,GP3,False,GP3,4.622309540100489,True,SIM,False,GP6,1.1997128560552859,True,SIM,False,GP4,False,True,SIM,False,GP2
27.568069472277923,116,Walking,81.0,22.69,96.19200000000001,493,False,GP4,False,GP3,False,GP3,4.561583300456694,True,SIM,False,GP6,1.303872006092364,True,SIM,False,GP4,False,True,SIM,False,GP2
27.30151413938991,116,Walking,81.0,22.69,96.19200000000001,494,False,GP4,False,GP3,False,GP3,4.573569637014863,True,SIM,False,GP6,1.1540462996831276,True,SIM,False,GP4,False,True,SIM,False,GP2
27.089924293030492,116,Walking,81.0,22.69,96.19200000000001,495,False,GP4,False,GP3,False,GP3,4.51017811300474,True,SIM,False,GP6,1.163100617850741,True,SIM,False,GP4,False,True,SIM,False,GP2
27.568069472277845,116,Walking,81.0,22.69,96.19200000000001,496,False,GP4,False,GP3,False,GP3,4.5867180485135695,True,SIM,False,GP6,1.1892527000755477,True,SIM,False,GP4,False,True,SIM,False,GP2
30.236317078602184,116,Walking,81.0,22.69,96.19200000000001,497,False,GP4,False,GP3,False,GP3,4.339566154962074,True,SIM,False,GP6,1.2163074491402321,True,SIM,False,GP4,False,True,SIM,False,GP2
27.653117345802467,116,Walking,81.0,22.69,96.19200000000001,498,False,GP4,False,GP3,False,GP3,4.237851609934507,True,SIM,False,GP6,1.242251883939379,True,SIM,False,GP4,False,True,SIM,False,GP2
27.322222222222226,116,Walking,81.0,22.69,96.19200000000001,499,False,GP4,False,GP3,False,GP3,4.469696729426091,True,SIM,False,GP6,1.1773852605282915,True,SIM,False,GP4,False,True,SIM,False,GP2
